Probe 1,Probe 2,Probe 3,Probe 4
B*07:56:01,B*07:409,B*07:65,B*07:219
B*07:56:02,B*13:01:01:01,B*07:134,B*15:462
B*07:72,B*13:01:01:02,B*07:400,B*15:712
B*08:26:01,B*13:01:01:03,B*08:32,B*57:01:01:01
B*08:26:02,B*13:01:01:04,B*08:133,B*57:01:01:02
B*08:56:01,B*13:01:01:05,B*08:180,B*57:01:01:03
B*08:56:02,B*13:01:01:06,B*08:239,B*57:01:01:04
B*08:180,B*13:01:01:07,B*13:58,B*57:01:01:05
B*08:239,B*13:01:01:08,B*15:239,B*57:01:01:06
B*13:17,B*13:01:01:09,B*15:308,B*57:01:01:07
B*13:33,B*13:01:01:10,B*15:376,B*57:01:01:08
B*14:54,B*13:01:01:11,B*15:712,B*57:01:01:09
B*15:01:01:01,B*13:01:01:12,B*18:01:01:01,B*57:01:01:10
B*15:01:01:02N,B*13:01:02,B*18:01:01:02,B*57:01:01:11
B*15:01:01:03,B*13:01:03,B*18:01:01:03,B*57:01:01:12
B*15:01:01:04,B*13:01:04,B*18:01:01:04,B*57:01:01:13
B*15:01:01:05,B*13:01:05,B*18:01:01:05,B*57:01:01:14
B*15:01:01:06,B*13:01:06,B*18:01:01:06,B*57:01:01:15
B*15:01:01:07,B*13:01:07,B*18:01:01:07,B*57:01:01:16
B*15:01:01:08,B*13:01:08,B*18:01:01:08,B*57:01:01:17
B*15:01:01:09,B*13:01:09,B*18:01:01:09,B*57:01:01:18
B*15:01:01:10,B*13:01:10,B*18:01:01:10,B*57:01:01:19
B*15:01:01:11,B*13:01:11,B*18:01:01:11,B*57:01:01:20
B*15:01:01:12,B*13:01:12,B*18:01:01:12Q,B*57:01:01:21
B*15:01:01:13,B*13:01:13,B*18:01:01:13,B*57:01:01:22
B*15:01:01:14,B*13:01:14,B*18:01:01:14,B*57:01:01:23
B*15:01:01:15,B*13:01:15,B*18:01:01:15,B*57:01:01:24
B*15:01:01:16,B*13:01:16,B*18:01:01:16,B*57:01:01:25
B*15:01:01:17,B*13:01:17,B*18:01:01:17,B*57:01:01:26
B*15:01:01:18,B*13:01:18,B*18:01:01:18,B*57:01:01:27
B*15:01:01:19,B*13:01:19,B*18:01:01:19,B*57:01:01:28
B*15:01:01:20,B*13:01:20,B*18:01:01:20,B*57:01:01:29
B*15:01:01:21,B*13:01:21,B*18:01:01:21,B*57:01:01:30
B*15:01:01:22,B*13:01:22,B*18:01:01:22,B*57:01:01:31
B*15:01:01:23,B*13:01:23,B*18:01:01:23,B*57:01:02
B*15:01:01:24,B*13:02:01:01,B*18:01:01:24,B*57:01:03
B*15:01:01:25,B*13:02:01:02,B*18:01:01:25,B*57:01:04
B*15:01:01:26,B*13:02:01:03,B*18:01:01:26,B*57:01:05
B*15:01:01:27,B*13:02:01:04,B*18:01:01:27,B*57:01:06
B*15:01:01:28,B*13:02:01:05,B*18:01:01:28,B*57:01:07
B*15:01:01:29,B*13:02:01:06,B*18:01:01:29,B*57:01:08
B*15:01:01:30,B*13:02:01:07,B*18:01:01:30,B*57:01:09
B*15:01:01:31,B*13:02:01:08,B*18:01:01:31,B*57:01:10
B*15:01:01:32,B*13:02:01:09,B*18:01:01:32,B*57:01:11
B*15:01:01:33,B*13:02:01:10,B*18:01:01:33,B*57:01:12
B*15:01:01:34,B*13:02:01:11,B*18:01:01:34,B*57:01:13
B*15:01:01:35,B*13:02:01:12,B*18:01:01:35,B*57:01:14
B*15:01:01:36,B*13:02:01:13,B*18:01:01:36,B*57:01:15
B*15:01:01:37,B*13:02:01:14,B*18:01:01:37,B*57:01:16
B*15:01:01:38,B*13:02:01:15,B*18:01:01:38,B*57:01:17
B*15:01:01:39Q,B*13:02:01:16,B*18:01:01:39,B*57:01:18
B*15:01:01:40,B*13:02:01:17,B*18:01:01:40,B*57:01:19
B*15:01:01:41,B*13:02:01:18,B*18:01:01:41,B*57:01:20
B*15:01:01:42,B*13:02:01:19,B*18:01:01:42Q,B*57:01:21
B*15:01:01:43,B*13:02:01:20,B*18:01:01:43,B*57:01:22
B*15:01:01:44,B*13:02:01:21,B*18:01:01:44,B*57:01:24
B*15:01:01:45,B*13:02:01:22,B*18:01:01:45,B*57:01:25
B*15:01:01:46,B*13:02:01:23,B*18:01:01:46,B*57:01:26
B*15:01:01:47,B*13:02:01:24,B*18:01:01:47,B*57:01:27
B*15:01:01:48,B*13:02:01:25,B*18:01:01:48,B*57:01:28
B*15:01:01:49,B*13:02:01:26,B*18:01:01:49,B*57:01:29
B*15:01:01:50,B*13:02:01:27,B*18:01:01:50,B*57:01:30
B*15:01:01:51,B*13:02:01:28,B*18:01:01:51,B*57:01:31
B*15:01:01:52,B*13:02:01:29,B*18:01:01:52,B*57:01:32
B*15:01:01:53,B*13:02:01:30,B*18:01:01:53,B*57:01:33
B*15:01:01:54,B*13:02:02,B*18:01:01:54,B*57:01:34
B*15:01:01:55,B*13:02:03,B*18:01:01:55,B*57:01:35
B*15:01:01:56,B*13:02:04,B*18:01:01:56,B*57:01:36
B*15:01:01:57,B*13:02:05,B*18:01:01:57,B*57:01:37
B*15:01:01:58,B*13:02:06,B*18:01:01:58,B*57:01:38
B*15:01:01:59,B*13:02:07,B*18:01:01:59,B*57:01:39
B*15:01:01:60,B*13:02:08,B*18:01:01:60,B*57:01:40
B*15:01:01:61,B*13:02:09,B*18:01:01:61,B*57:01:41
B*15:01:01:62,B*13:02:10,B*18:01:01:62,B*57:01:42
B*15:01:01:63,B*13:02:11,B*18:01:01:63,B*57:01:43
B*15:01:01:64,B*13:02:12,B*18:01:01:64,B*57:01:44
B*15:01:01:65Q,B*13:02:13,B*18:01:01:65,B*57:01:46
B*15:01:01:66,B*13:02:14,B*18:01:01:66,B*57:01:47
B*15:01:01:67,B*13:02:15,B*18:01:01:67,B*57:01:48
B*15:01:01:68,B*13:02:16,B*18:01:01:68,B*57:01:49
B*15:01:01:69,B*13:02:17,B*18:01:01:69,B*57:01:50
B*15:01:02,B*13:02:18,B*18:01:01:70,B*57:01:51
B*15:01:03,B*13:02:19,B*18:01:01:71,B*57:02:01:01
B*15:01:04,B*13:02:20,B*18:01:01:72,B*57:02:01:02
B*15:01:06,B*13:02:21,B*18:01:01:73,B*57:02:01:03
B*15:01:07,B*13:02:22,B*18:01:01:74,B*57:02:01:04
B*15:01:08,B*13:02:23,B*18:01:01:75,B*57:02:01:05
B*15:01:09,B*13:02:24,B*18:01:01:76,B*57:02:02
B*15:01:10,B*13:02:25,B*18:01:01:77,B*57:03:01:01
B*15:01:11,B*13:02:26,B*18:01:01:78,B*57:03:01:02
B*15:01:12,B*13:02:27,B*18:01:01:79,B*57:03:01:03
B*15:01:13,B*13:02:28,B*18:01:01:80,B*57:03:01:04
B*15:01:14,B*13:02:29,B*18:01:01:81,B*57:03:01:05
B*15:01:15,B*13:02:30,B*18:01:01:82,B*57:03:01:06
B*15:01:16,B*13:02:31,B*18:01:01:83,B*57:03:01:07
B*15:01:17,B*13:02:32,B*18:01:01:84,B*57:03:01:08
B*15:01:18,B*13:02:33,B*18:01:01:85,B*57:03:01:09
B*15:01:19,B*13:02:34,B*18:01:01:86,B*57:03:01:10
B*15:01:20,B*13:02:35,B*18:01:01:87,B*57:03:01:11
B*15:01:21,B*13:02:36,B*18:01:01:88,B*57:03:02
B*15:01:22,B*13:02:37,B*18:01:01:89,B*57:03:03
B*15:01:23,B*13:02:38,B*18:01:01:90,B*57:03:04
B*15:01:24,B*13:02:39,B*18:01:02,B*57:03:05
B*15:01:25,B*13:02:41,B*18:01:03,B*57:03:06
B*15:01:26,B*13:02:42,B*18:01:04,B*57:03:07
B*15:01:27,B*13:02:43,B*18:01:05,B*57:03:08
B*15:01:28,B*13:02:44,B*18:01:06,B*57:03:09
B*15:01:29,B*13:03,B*18:01:07,B*57:04:01
B*15:01:30,B*13:04,B*18:01:08,B*57:04:03
B*15:01:31,B*13:06,B*18:01:09,B*57:05
B*15:01:32,B*13:07N,B*18:01:10,B*57:06
B*15:01:33,B*13:08,B*18:01:11,B*57:07
B*15:01:34,B*13:09,B*18:01:12,B*57:08
B*15:01:35,B*13:10,B*18:01:13,B*57:09
B*15:01:36,B*13:11,B*18:01:14,B*57:10
B*15:01:37,B*13:12:01,B*18:01:15,B*57:11
B*15:01:38,B*13:12:02,B*18:01:16,B*57:12
B*15:01:39,B*13:13:01,B*18:01:17,B*57:13
B*15:01:40,B*13:13:02,B*18:01:18,B*57:14:01
B*15:01:41,B*13:14,B*18:01:19,B*57:14:02
B*15:01:42,B*13:15,B*18:01:20,B*57:16
B*15:01:43,B*13:16,B*18:01:21,B*57:17
B*15:01:44,B*13:17,B*18:01:22,B*57:18
B*15:01:45,B*13:18,B*18:01:23,B*57:19
B*15:01:46,B*13:19,B*18:01:24,B*57:21
B*15:01:47,B*13:20,B*18:01:25,B*57:22
B*15:01:48,B*13:21,B*18:01:26,B*57:23
B*15:01:49,B*13:22:01,B*18:01:27,B*57:24
B*15:01:50,B*13:22:02,B*18:01:28,B*57:25
B*15:01:51,B*13:23,B*18:01:29,B*57:26
B*15:01:52,B*13:25,B*18:01:30,B*57:27
B*15:01:53,B*13:26:01,B*18:01:31,B*57:28N
B*15:01:54,B*13:26:02,B*18:01:32,B*57:29
B*15:01:55,B*13:27,B*18:01:33:01,B*57:30
B*15:01:56,B*13:28,B*18:01:33:02,B*57:31:01
B*15:01:57,B*13:29,B*18:01:33:03,B*57:31:02
B*15:01:58,B*13:30,B*18:01:34,B*57:32
B*15:01:59,B*13:31,B*18:01:35,B*57:33
B*15:01:60,B*13:32,B*18:01:36,B*57:34
B*15:01:61,B*13:33,B*18:01:37,B*57:35
B*15:01:62,B*13:34,B*18:01:38,B*57:37
B*15:01:63,B*13:35,B*18:01:39,B*57:38
B*15:01:64,B*13:36,B*18:01:40,B*57:39
B*15:01:65,B*13:37,B*18:01:41,B*57:40
B*15:01:66,B*13:38,B*18:01:42,B*57:41
B*15:01:67,B*13:39,B*18:01:43,B*57:42
B*15:01:68,B*13:40,B*18:01:44,B*57:43
B*15:01:69,B*13:41,B*18:01:45,B*57:44
B*15:01:70,B*13:42,B*18:01:46,B*57:45
B*15:01:71,B*13:43,B*18:01:47,B*57:46
B*15:01:72,B*13:44,B*18:01:48,B*57:47
B*15:01:73,B*13:45,B*18:01:49,B*57:48
B*15:01:74,B*13:46,B*18:01:50,B*57:49
B*15:01:75,B*13:47,B*18:01:51,B*57:50
B*15:01:77,B*13:48,B*18:01:52,B*57:51
B*15:01:78,B*13:49N,B*18:01:53,B*57:52
B*15:01:79,B*13:50,B*18:01:54,B*57:53
B*15:01:80,B*13:51,B*18:02:01,B*57:54
B*15:01:81,B*13:52,B*18:02:02,B*57:55
B*15:01:82,B*13:53,B*18:02:03,B*57:56
B*15:01:83,B*13:54,B*18:03:01:01,B*57:57
B*15:01:84,B*13:55,B*18:03:01:02,B*57:58
B*15:01:85,B*13:56:01N,B*18:03:01:03,B*57:59
B*15:01:86,B*13:56:02N,B*18:04:01,B*57:60
B*15:01:87,B*13:57,B*18:04:02,B*57:61
B*15:01:88,B*13:59,B*18:05:01:01,B*57:63
B*15:01:89,B*13:60,B*18:05:01:02,B*57:64
B*15:02:01:01,B*13:61,B*18:06,B*57:65
B*15:02:01:02,B*13:62,B*18:07:01,B*57:66
B*15:02:01:03,B*13:63N,B*18:07:02,B*57:67:01
B*15:02:01:04,B*13:64,B*18:07:03:01,B*57:67:02
B*15:02:01:05,B*13:65,B*18:07:03:02,B*57:68
B*15:02:01:06,B*13:66,B*18:08,B*57:69
B*15:02:01:07,B*13:67,B*18:09,B*57:70
B*15:02:02,B*13:68,B*18:10,B*57:71
B*15:02:03,B*13:69,B*18:11,B*57:72
B*15:02:04,B*13:70,B*18:12:01,B*57:73
B*15:02:05,B*13:71,B*18:12:02,B*57:74
B*15:02:06,B*13:72,B*18:13,B*57:75
B*15:02:07,B*13:73,B*18:14,B*57:76
B*15:02:08,B*13:74,B*18:15,B*57:77
B*15:02:09,B*13:75,B*18:17N,B*57:78
B*15:02:10,B*13:76N,B*18:18:01:01,B*57:79N
B*15:02:11,B*13:77,B*18:18:01:02,B*57:80
B*15:02:12,B*13:78,B*18:19,B*57:82
B*15:02:13,B*13:79,B*18:20,B*57:83
B*15:02:14,B*13:80,B*18:21,B*57:84
B*15:02:15,B*13:81,B*18:22,B*57:85
B*15:02:16,B*13:82,B*18:23N,B*57:86
B*15:04:01:01,B*13:83,B*18:24,B*57:87
B*15:04:01:02,B*13:84,B*18:25,B*57:88
B*15:04:01:03,B*13:85,B*18:26,B*57:90
B*15:04:02,B*13:86,B*18:27,B*57:91
B*15:04:03,B*13:87,B*18:28,B*57:92
B*15:04:04,B*13:88,B*18:29,B*57:93
B*15:04:05,B*13:89,B*18:30,B*57:94
B*15:05:01:01,B*13:90,B*18:31,B*57:95
B*15:05:01:02,B*13:91,B*18:32,B*57:96
B*15:05:02,B*13:92,B*18:33,B*57:97
B*15:05:03,B*13:93,B*18:34,B*57:98Q
B*15:05:04,B*13:94,B*18:35,B*57:99
B*15:06,B*13:95,B*18:36,B*57:100
B*15:07:01:01,B*13:96,B*18:38,B*57:101
B*15:07:01:02,B*13:98,B*18:39,B*57:102
B*15:07:01:03,B*13:99,B*18:40,B*57:103
B*15:07:01:04,B*13:100,B*18:41,B*57:104
B*15:07:01:05,B*13:101,B*18:42,B*57:105
B*15:07:01:06,B*13:102,B*18:43,B*57:106
B*15:07:02,B*13:103N,B*18:44:01,B*57:107
B*15:07:03,B*13:104,B*18:44:02,B*57:108
B*15:08:01:01,B*13:105,B*18:45,B*57:110
B*15:08:01:02,B*13:106,B*18:46,B*57:111
B*15:08:02,B*13:107,B*18:47,B*57:112
B*15:11:01,B*13:108,B*18:49,B*57:113
B*15:11:02,B*13:109,B*18:50,B*57:114
B*15:11:03,B*13:110,B*18:51,B*57:115
B*15:11:04,B*13:111,B*18:52,B*57:116
B*15:11:05,B*13:112,B*18:53,B*57:117
B*15:11:06,B*13:113,B*18:54,B*57:118
B*15:11:07,B*13:114,B*18:55,B*57:119
B*15:11:08,B*13:115,B*18:56,B*57:120
B*15:12:01,B*13:116N,B*18:57:01,B*57:121
B*15:12:02,B*13:117,B*18:57:02,B*57:122N
B*15:12:03,B*13:118,B*18:58,B*57:123
B*15:13:01,B*13:119,B*18:59,B*57:124
B*15:13:02,B*13:120,B*18:60,B*57:125
B*15:13:03,B*13:121,B*18:61,B*57:126
B*15:14,B*13:122,B*18:62,B*57:127
B*15:15:01:01,B*13:123Q,B*18:63,B*57:129
B*15:15:01:02,B*13:124,B*18:64,B*57:130N
B*15:15:02,B*13:125,B*18:65,B*57:131
B*15:16:01:01,B*13:126,B*18:67,B*57:132
B*15:16:01:02,B*13:127,B*18:68,B*57:133
B*15:16:01:03,B*13:128,B*18:69,B*57:134
B*15:16:01:04,B*13:130,B*18:70,B*57:135
B*15:16:01:05,B*13:131,B*18:71,B*57:136
B*15:16:01:06,B*13:132,B*18:72:01,B*57:137
B*15:16:01:07,B*13:133,B*18:72:02,B*57:138
B*15:16:01:08,B*13:134,B*18:72:03,B*57:139N
B*15:16:02:01,B*13:135,B*18:73,B*57:140
B*15:16:02:02,B*13:136,B*18:74N,B*57:141
B*15:16:03,B*13:137N,B*18:75,B*57:142N
B*15:16:04,B*13:138,B*18:76,B*57:143N
B*15:16:05,B*13:139N,B*18:77,B*57:144
B*15:17:01:01,B*13:140,B*18:78,B*57:145
B*15:17:01:02,B*13:141,B*18:79,B*57:146
B*15:17:01:03,B*13:142,B*18:80,B*57:147
B*15:17:01:04,B*13:143,B*18:81,B*57:148
B*15:17:01:05,B*13:144,B*18:82,B*57:149
B*15:17:01:06,B*13:145,B*18:83,B*57:150
B*15:17:01:07,B*13:146,B*18:84,B*57:151
B*15:17:02,B*13:147,B*18:85,B*57:152
B*15:17:03,B*13:148,B*18:86,B*57:153
B*15:17:04,B*13:149,B*18:87,B*57:154
B*15:17:05,B*13:150,B*18:88,B*57:155
B*15:17:06,B*13:151,B*18:89,B*57:156
B*15:17:07,B*13:152,B*18:90,B*57:157
B*15:19,B*13:153,B*18:91,B*57:158
B*15:20,B*13:154,B*18:92,B*57:159
B*15:21:01:01,B*13:155,B*18:93,B*57:160
B*15:21:01:02,B*13:156,B*18:94N,B*57:161
B*15:24:01,B*13:157,B*18:95,B*57:162N
B*15:24:02,B*13:158,B*18:96,B*57:163
B*15:25:01:01,B*13:159,B*18:97,B*57:164
B*15:25:01:02,B*13:160,B*18:98:01,B*57:165
B*15:25:02,B*13:161N,B*18:98:02,B*57:166
B*15:25:03,B*13:162,B*18:99,B*57:167
B*15:26N,B*13:163,B*18:100,B*57:168
B*15:27:01:01,B*13:164,B*18:101,B*57:169
B*15:27:01:02,B*13:165,B*18:102,B*57:170
B*15:27:02,B*13:166,B*18:103,B*57:171
B*15:27:03,B*13:167,B*18:104,B*57:172
B*15:27:04,B*13:168,B*18:105,B*57:173
B*15:28,B*13:169,B*18:106Q,B*57:174
B*15:30:01:01,B*13:170,B*18:108,B*57:175
B*15:30:01:02,B*13:171,B*18:109,B*57:176
B*15:30:01:03,B*13:172,B*18:110,B*57:177
B*15:31:01:01,B*13:173,B*18:111,B*57:178
B*15:31:01:02,B*13:174,B*18:112,B*57:179
B*15:31:01:03,B*13:175,B*18:113,B*57:180
B*15:32:01,B*13:176,B*18:114,B*57:181N
B*15:33,B*13:177,B*18:115,B*57:182
B*15:34:01,B*13:178,B*18:116,B*57:183
B*15:34:02,B*13:179,B*18:117,B*57:184
B*15:35:01:01,B*13:180,B*18:118,B*57:185Q
B*15:35:01:02,B*13:181,B*18:119,B*58:01:01:01
B*15:35:02,B*13:182,B*18:120,B*58:01:01:02
B*15:36,B*13:183,B*18:121,B*58:01:01:03
B*15:38:01,B*13:184,B*18:122,B*58:01:01:04
B*15:38:02,B*13:185,B*18:123,B*58:01:01:05
B*15:39:01:01,B*13:186,B*18:124,B*58:01:01:06
B*15:39:01:02,B*13:187,B*18:126,B*58:01:01:07
B*15:39:02,B*13:188,B*18:127,B*58:01:01:08
B*15:40:01,B*13:189,B*18:128,B*58:01:01:09
B*15:40:02,B*13:190,B*18:129,B*58:01:01:10
B*15:42,B*13:191,B*18:130,B*58:01:01:11
B*15:43,B*13:192,B*18:131:01:01,B*58:01:01:12
B*15:44,B*13:193,B*18:131:01:02,B*58:01:01:13
B*15:45,B*13:194,B*18:132,B*58:01:01:14
B*15:46,B*13:195,B*18:133,B*58:01:01:15
B*15:48,B*13:196,B*18:134,B*58:01:01:16
B*15:50,B*13:197,B*18:135:01:01,B*58:01:01:17
B*15:55,B*13:198N,B*18:135:01:02,B*58:01:01:18
B*15:56,B*13:199,B*18:136,B*58:01:01:19
B*15:57,B*13:200,B*18:137,B*58:01:01:20
B*15:58,B*13:201,B*18:138N,B*58:01:02
B*15:60,B*13:202,B*18:139,B*58:01:03
B*15:63,B*15:01:01:01,B*18:140,B*58:01:04
B*15:65,B*15:01:01:02N,B*18:141,B*58:01:05
B*15:66,B*15:01:01:03,B*18:142,B*58:01:06
B*15:67,B*15:01:01:04,B*18:144,B*58:01:07
B*15:70,B*15:01:01:05,B*18:145,B*58:01:08
B*15:71,B*15:01:01:06,B*18:146,B*58:01:09
B*15:73:01:01,B*15:01:01:07,B*18:147,B*58:01:10
B*15:73:01:02,B*15:01:01:08,B*18:148,B*58:01:11
B*15:75,B*15:01:01:09,B*18:149,B*58:01:12
B*15:76,B*15:01:01:10,B*18:150,B*58:01:13
B*15:77,B*15:01:01:11,B*18:151,B*58:01:14
B*15:78:01:01,B*15:01:01:12,B*18:152,B*58:01:15
B*15:78:01:02,B*15:01:01:13,B*18:153,B*58:01:16
B*15:78:02,B*15:01:01:14,B*18:154N,B*58:01:17
B*15:78:03,B*15:01:01:15,B*18:155,B*58:01:18
B*15:78:04,B*15:01:01:16,B*18:156:01:01,B*58:01:19
B*15:79N,B*15:01:01:17,B*18:156:01:02,B*58:01:20
B*15:81,B*15:01:01:18,B*18:157:01:01,B*58:01:22
B*15:82,B*15:01:01:19,B*18:157:01:02,B*58:01:23
B*15:83:01:01,B*15:01:01:20,B*18:159,B*58:01:24
B*15:83:01:02,B*15:01:01:21,B*18:160,B*58:01:25
B*15:84,B*15:01:01:22,B*18:161,B*58:01:26
B*15:85,B*15:01:01:23,B*18:162,B*58:01:27
B*15:86,B*15:01:01:24,B*18:163,B*58:01:28
B*15:87,B*15:01:01:25,B*18:164,B*58:01:29
B*15:88,B*15:01:01:26,B*18:165,B*58:01:30
B*15:89:01,B*15:01:01:27,B*18:166,B*58:01:31
B*15:89:02,B*15:01:01:28,B*18:167,B*58:01:32
B*15:92,B*15:01:01:29,B*18:168,B*58:01:33
B*15:94N,B*15:01:01:30,B*18:169,B*58:01:34
B*15:95,B*15:01:01:31,B*18:170,B*58:01:35
B*15:96,B*15:01:01:32,B*18:171,B*58:01:36
B*15:97,B*15:01:01:33,B*18:172,B*58:01:37
B*15:101,B*15:01:01:34,B*18:173,B*58:01:38
B*15:102,B*15:01:01:35,B*18:174,B*58:01:39
B*15:104,B*15:01:01:36,B*18:175,B*58:01:40
B*15:105,B*15:01:01:37,B*18:176,B*58:01:41
B*15:106,B*15:01:01:38,B*18:177,B*58:01:42
B*15:107,B*15:01:01:39Q,B*18:179,B*58:01:43
B*15:109,B*15:01:01:40,B*18:180,B*58:01:44
B*15:110,B*15:01:01:41,B*18:181,B*58:01:45
B*15:111N,B*15:01:01:42,B*18:182N,B*58:01:46
B*15:112,B*15:01:01:43,B*18:183,B*58:01:47
B*15:113,B*15:01:01:44,B*18:184,B*58:01:48
B*15:116,B*15:01:01:45,B*18:185,B*58:01:49
B*15:117,B*15:01:01:46,B*18:186,B*58:02:01:01
B*15:118,B*15:01:01:47,B*18:187,B*58:02:01:02
B*15:120,B*15:01:01:48,B*18:188,B*58:02:01:03
B*15:121,B*15:01:01:49,B*18:189,B*58:02:02
B*15:122,B*15:01:01:50,B*18:190,B*58:02:03
B*15:125:01,B*15:01:01:51,B*18:191,B*58:02:04
B*15:125:02,B*15:01:01:52,B*18:192,B*58:05
B*15:126,B*15:01:01:53,B*18:193,B*58:06
B*15:128,B*15:01:01:54,B*18:194:01:01,B*58:07
B*15:129,B*15:01:01:55,B*18:194:01:02,B*58:08:01
B*15:135,B*15:01:01:56,B*18:195,B*58:08:02
B*15:136,B*15:01:01:57,B*18:196,B*58:09
B*15:137,B*15:01:01:58,B*18:197,B*58:10N
B*15:138,B*15:01:01:59,B*18:198,B*58:11
B*15:139,B*15:01:01:60,B*18:199,B*58:12
B*15:140,B*15:01:01:61,B*18:200,B*58:13
B*15:141,B*15:01:01:62,B*18:201,B*58:14
B*15:142,B*15:01:01:63,B*18:202,B*58:15
B*15:143,B*15:01:01:64,B*18:203,B*58:16:01
B*15:144,B*15:01:01:65Q,B*18:204,B*58:16:02
B*15:145,B*15:01:01:66,B*18:205,B*58:17N
B*15:146,B*15:01:01:67,B*18:206,B*58:18
B*15:147,B*15:01:01:68,B*18:207,B*58:19
B*15:148,B*15:01:01:69,B*18:208,B*58:20
B*15:149N,B*15:01:02,B*18:209,B*58:21
B*15:150,B*15:01:03,B*18:210,B*58:22
B*15:152,B*15:01:04,B*18:211,B*58:23
B*15:154:01,B*15:01:06,B*18:212,B*58:24
B*15:154:02,B*15:01:07,B*18:213,B*58:25
B*15:155,B*15:01:08,B*18:214,B*58:26
B*15:157,B*15:01:09,B*18:215,B*58:27
B*15:159,B*15:01:10,B*18:216,B*58:28:01
B*15:160:01:01,B*15:01:11,B*18:217,B*58:28:02
B*15:160:01:02,B*15:01:12,B*18:218,B*58:29
B*15:162,B*15:01:13,B*18:219,B*58:31N
B*15:163,B*15:01:14,B*18:220,B*58:33
B*15:164,B*15:01:15,B*18:221,B*58:34
B*15:165,B*15:01:16,B*18:222,B*58:35
B*15:166,B*15:01:17,B*18:223,B*58:36
B*15:167,B*15:01:18,B*18:224,B*58:37
B*15:168,B*15:01:19,B*18:225,B*58:38
B*15:169,B*15:01:20,B*18:226,B*58:39N
B*15:170,B*15:01:21,B*18:227,B*58:40
B*15:171,B*15:01:22,B*18:228,B*58:41
B*15:172,B*15:01:23,B*18:229,B*58:42
B*15:174,B*15:01:24,B*18:230,B*58:43
B*15:175,B*15:01:25,B*18:231Q,B*58:44
B*15:177,B*15:01:27,B*18:232,B*58:45:01
B*15:178,B*15:01:28,B*18:233,B*58:45:02
B*15:179:01,B*15:01:29,B*18:234,B*58:46
B*15:179:02,B*15:01:30,B*18:235,B*58:47
B*15:181N,B*15:01:31,B*18:236,B*58:48
B*15:182N,B*15:01:32,B*18:237,B*58:49
B*15:184,B*15:01:33,B*18:238,B*58:51
B*15:185,B*15:01:34,B*18:239,B*58:52
B*15:188,B*15:01:35,B*18:240,B*58:53
B*15:189:01,B*15:01:36,B*18:241,B*58:54
B*15:189:02,B*15:01:37,B*18:242,B*58:55
B*15:190N,B*15:01:38,B*18:243,B*58:56
B*15:191,B*15:01:39,B*18:244,B*58:57
B*15:192,B*15:01:40,B*18:245N,B*58:58
B*15:193,B*15:01:41,B*18:246,B*58:59:01
B*15:194,B*15:01:42,B*18:247,B*58:59:02
B*15:195,B*15:01:43,B*18:248N,B*58:60
B*15:196,B*15:01:44,B*18:249,B*58:61
B*15:199,B*15:01:45,B*18:250,B*58:62
B*15:201,B*15:01:46,B*27:52,B*58:63
B*15:202,B*15:01:48,B*27:236,B*58:64
B*15:203,B*15:01:49,B*35:01:01:01,B*58:65
B*15:204,B*15:01:51,B*35:01:01:02,B*58:66
B*15:205,B*15:01:52,B*35:01:01:03,B*58:67
B*15:206,B*15:01:53,B*35:01:01:04,B*58:68
B*15:207,B*15:01:54,B*35:01:01:05,B*58:69
B*15:208,B*15:01:55,B*35:01:01:06,B*58:70
B*15:209N,B*15:01:56,B*35:01:01:07,B*58:71
B*15:211,B*15:01:57,B*35:01:01:08,B*58:72N
B*15:213,B*15:01:58,B*35:01:01:09,B*58:73
B*15:214,B*15:01:59,B*35:01:01:10,B*58:74
B*15:215,B*15:01:60,B*35:01:01:11,B*58:75:01
B*15:216,B*15:01:61,B*35:01:01:12,B*58:75:02
B*15:218Q,B*15:01:62,B*35:01:01:13,B*58:76
B*15:219,B*15:01:63,B*35:01:01:14,B*58:77
B*15:222,B*15:01:64,B*35:01:01:15,B*58:78
B*15:223,B*15:01:65,B*35:01:01:16,B*58:79
B*15:224,B*15:01:66,B*35:01:01:17,B*58:80
B*15:225,B*15:01:67,B*35:01:01:18,B*58:81
B*15:227,B*15:01:68,B*35:01:01:19,B*58:82
B*15:228,B*15:01:69,B*35:01:01:20,B*58:83
B*15:230,B*15:01:70,B*35:01:01:21,B*58:84
B*15:231,B*15:01:71,B*35:01:01:22,B*58:85
B*15:232,B*15:01:72,B*35:01:01:23,B*58:86
B*15:233,B*15:01:73,B*35:01:01:24,B*58:87
B*15:234,B*15:01:74,B*35:01:01:25,B*58:88
B*15:236,B*15:01:75,B*35:01:01:26,B*58:89
B*15:237,B*15:01:76,B*35:01:01:27,B*58:90
B*15:239,B*15:01:77,B*35:01:01:28,B*58:91
B*15:240,B*15:01:78,B*35:01:01:29,B*58:92
B*15:241,B*15:01:79,B*35:01:01:30,B*58:93N
B*15:245:01Q,B*15:01:80,B*35:01:01:31,B*58:94N
B*15:245:02Q,B*15:01:81,B*35:01:01:32,B*58:95
B*15:246N,B*15:01:82,B*35:01:01:33,B*58:96
B*15:247,B*15:01:83,B*35:01:01:34,B*58:98
B*15:248,B*15:01:84,B*35:01:01:35,B*58:99
B*15:249,B*15:01:85,B*35:01:01:36,B*58:101
B*15:250,B*15:01:86,B*35:01:01:37,B*58:102
B*15:254,B*15:01:87,B*35:01:01:38,B*58:103
B*15:256,B*15:01:88,B*35:01:01:39,B*58:104
B*15:257,B*15:01:89,B*35:01:01:40,B*58:105
B*15:258N,B*15:02:01:01,B*35:01:01:41,B*58:106
B*15:259,B*15:02:01:02,B*35:01:01:42,B*58:107
B*15:260,B*15:02:01:03,B*35:01:01:43,B*58:108
B*15:261,B*15:02:01:04,B*35:01:01:44,B*58:109
B*15:262:01N,B*15:02:01:05,B*35:01:01:45,B*58:110
B*15:262:02N,B*15:02:01:06,B*35:01:01:46,B*58:111
B*15:264,B*15:02:01:07,B*35:01:01:47,B*58:112
B*15:265,B*15:02:03,B*35:01:01:48,B*58:113
B*15:267,B*15:02:04,B*35:01:01:49,B*58:114
B*15:268,B*15:02:05,B*35:01:01:50,B*58:115
B*15:269,B*15:02:06,B*35:01:01:51,B*58:116
B*15:270,B*15:02:07,B*35:01:01:52,B*58:117
B*15:271,B*15:02:08,B*35:01:01:53,B*58:118
B*15:272N,B*15:02:09,B*35:01:01:54,B*58:119
B*15:273,B*15:02:10,B*35:01:01:55,B*58:120
B*15:276,B*15:02:11,B*35:01:01:56,B*58:121
B*15:277,B*15:02:12,B*35:01:01:57,B*58:122
B*15:278,B*15:02:13,B*35:01:01:58,B*58:123
B*15:279,B*15:02:14,B*35:01:01:59,B*58:124
B*15:280,B*15:02:15,B*35:01:01:60,B*58:125
B*15:283,B*15:02:16,B*35:01:01:61,B*58:126
B*15:284,B*15:04:01:01,B*35:01:01:62,B*58:127
B*15:285,B*15:04:01:02,B*35:01:01:63,B*58:128N
B*15:286,B*15:04:01:03,B*35:01:01:64,B*58:129
B*15:287,B*15:04:02,B*35:01:01:65,B*58:130N
B*15:288,B*15:04:03,B*35:01:01:66,B*58:131:01
B*15:289,B*15:04:04,B*35:01:01:67,B*58:131:02
B*15:291,B*15:04:05,B*35:01:01:68,B*58:132
B*15:295,B*15:05:01:01,B*35:01:01:69,B*58:133N
B*15:296,B*15:05:01:02,B*35:01:01:70,B*58:134
B*15:297,B*15:05:02,B*35:01:01:71,B*58:135
B*15:298,B*15:05:03,B*35:01:01:72,B*58:136
B*15:299,B*15:05:04,B*35:01:01:73,B*58:137
B*15:300,B*15:06,B*35:01:01:74,B*58:138
B*15:301,B*15:07:01:01,B*35:01:01:75,B*58:139
B*15:302N,B*15:07:01:02,B*35:01:01:76,B*58:140
B*15:303,B*15:07:01:03,B*35:01:01:77,B*58:141
B*15:305,B*15:07:01:04,B*35:01:01:78,B*58:142
B*15:308,B*15:07:01:05,B*35:01:01:79,B*58:143
B*15:309,B*15:07:01:06,B*35:01:01:80,B*58:144N
B*15:310,B*15:07:02,B*35:01:01:81,B*58:145
B*15:316,B*15:07:03,B*35:01:01:82,B*58:146
B*15:317,B*15:08:01:01,B*35:01:01:83,B*58:147
B*15:318,B*15:08:01:02,B*35:01:01:84,B*58:148
B*15:320,B*15:08:02,B*35:01:01:85,B*58:149
B*15:321Q,B*15:11:01,B*35:01:01:86,B*58:150
B*15:322,B*15:11:03,B*35:01:01:87,B*58:151
B*15:324,B*15:11:04,B*35:01:01:88,B*58:152
B*15:325,B*15:11:05,B*35:01:01:89,B*58:153
B*15:326,B*15:11:06,B*35:01:02,B*58:154
B*15:327,B*15:11:07,B*35:01:03,B*58:155Q
B*15:328,B*15:11:08,B*35:01:04,B*58:156
B*15:330,B*15:12:01,B*35:01:05,
B*15:331,B*15:12:02,B*35:01:06,
B*15:332,B*15:12:03,B*35:01:07,
B*15:333,B*15:13:01,B*35:01:09,
B*15:334,B*15:13:02,B*35:01:10,
B*15:339,B*15:13:03,B*35:01:11,
B*15:340,B*15:14,B*35:01:12,
B*15:341,B*15:15:01:01,B*35:01:13,
B*15:342,B*15:15:01:02,B*35:01:14,
B*15:343,B*15:15:02,B*35:01:17,
B*15:344,B*15:16:01:01,B*35:01:18,
B*15:346,B*15:16:01:02,B*35:01:19,
B*15:347,B*15:16:01:03,B*35:01:20,
B*15:348,B*15:16:01:04,B*35:01:21,
B*15:349:01,B*15:16:01:05,B*35:01:22,
B*15:349:02,B*15:16:01:06,B*35:01:23,
B*15:350,B*15:16:01:07,B*35:01:25,
B*15:352,B*15:16:01:08,B*35:01:26,
B*15:353,B*15:16:02:01,B*35:01:27,
B*15:355,B*15:16:02:02,B*35:01:28,
B*15:356,B*15:16:03,B*35:01:29,
B*15:357,B*15:16:04,B*35:01:30,
B*15:358,B*15:16:05,B*35:01:31,
B*15:359,B*15:17:01:01,B*35:01:32,
B*15:360,B*15:17:01:02,B*35:01:33,
B*15:361,B*15:17:01:03,B*35:01:34,
B*15:362,B*15:17:01:04,B*35:01:35,
B*15:363:01,B*15:17:01:05,B*35:01:36,
B*15:363:02,B*15:17:01:06,B*35:01:37,
B*15:364,B*15:17:01:07,B*35:01:38,
B*15:365,B*15:17:02,B*35:01:39,
B*15:366,B*15:17:03,B*35:01:40,
B*15:367,B*15:17:04,B*35:01:41,
B*15:368,B*15:17:05,B*35:01:42,
B*15:370,B*15:17:06,B*35:01:43,
B*15:371,B*15:17:07,B*35:01:44,
B*15:372,B*15:19,B*35:01:45,
B*15:373,B*15:20,B*35:01:46,
B*15:374,B*15:21:01:01,B*35:01:47,
B*15:375N,B*15:21:01:02,B*35:01:48,
B*15:377Q,B*15:24:01,B*35:01:49,
B*15:378,B*15:24:02,B*35:01:50,
B*15:381,B*15:25:01:01,B*35:01:51,
B*15:383,B*15:25:01:02,B*35:01:52,
B*15:384:01,B*15:25:02,B*35:01:53,
B*15:384:02,B*15:25:03,B*35:01:54,
B*15:385,B*15:25:04,B*35:01:55,
B*15:386,B*15:26N,B*35:01:56,
B*15:387,B*15:27:01:01,B*35:01:57,
B*15:390,B*15:27:01:02,B*35:01:58,
B*15:391,B*15:27:02,B*35:01:59,
B*15:392,B*15:27:03,B*35:01:60,
B*15:393,B*15:27:04,B*35:01:61,
B*15:394,B*15:28,B*35:01:62,
B*15:395,B*15:30:01:01,B*35:01:63,
B*15:396,B*15:30:01:02,B*35:01:64,
B*15:398,B*15:30:01:03,B*35:01:65,
B*15:399,B*15:31:01:01,B*35:01:66,
B*15:400N,B*15:31:01:02,B*35:01:67,
B*15:401,B*15:31:01:03,B*35:01:68,
B*15:402,B*15:32:01,B*35:01:69,
B*15:403,B*15:32:02,B*35:01:70,
B*15:404,B*15:33,B*35:01:71,
B*15:405,B*15:34:01,B*35:01:72,
B*15:407,B*15:34:02,B*35:01:73,
B*15:408,B*15:35:01:01,B*35:01:74,
B*15:409,B*15:35:01:02,B*35:01:75,
B*15:410,B*15:35:02,B*35:01:76,
B*15:411,B*15:36,B*35:01:77,
B*15:412,B*15:38:01,B*35:01:78,
B*15:413,B*15:38:02,B*35:02:01:01,
B*15:415,B*15:39:01:01,B*35:02:01:02,
B*15:416,B*15:39:01:02,B*35:02:01:03,
B*15:417,B*15:39:02,B*35:02:01:04,
B*15:418,B*15:40:01,B*35:02:01:05,
B*15:419,B*15:40:02,B*35:02:01:06,
B*15:420,B*15:42,B*35:02:01:07,
B*15:421,B*15:43,B*35:02:01:08,
B*15:422,B*15:44,B*35:02:01:09,
B*15:423,B*15:45,B*35:02:01:10,
B*15:424,B*15:48,B*35:02:02,
B*15:425,B*15:50,B*35:02:03,
B*15:428,B*15:55,B*35:02:04,
B*15:430,B*15:56,B*35:02:05,
B*15:431,B*15:57,B*35:02:06,
B*15:432,B*15:58,B*35:02:07,
B*15:437,B*15:60,B*35:02:08,
B*15:438,B*15:63,B*35:02:09,
B*15:440,B*15:65,B*35:02:10,
B*15:441,B*15:66,B*35:02:11,
B*15:442,B*15:67,B*35:02:12,
B*15:443,B*15:70,B*35:02:13,
B*15:446,B*15:71,B*35:02:14,
B*15:449,B*15:73:01:01,B*35:02:15,
B*15:450,B*15:73:01:02,B*35:02:16,
B*15:452,B*15:75,B*35:02:17,
B*15:453,B*15:76,B*35:02:18,
B*15:454N,B*15:77,B*35:02:19,
B*15:456,B*15:78:01:01,B*35:02:20,
B*15:457,B*15:78:01:02,B*35:02:21,
B*15:458,B*15:78:02,B*35:02:22,
B*15:459,B*15:78:03,B*35:02:23,
B*15:460,B*15:78:04,B*35:03:01:01,
B*15:461,B*15:79N,B*35:03:01:02,
B*15:462,B*15:81,B*35:03:01:03,
B*15:463N,B*15:82,B*35:03:01:04,
B*15:464,B*15:83:01:01,B*35:03:01:05,
B*15:465,B*15:83:01:02,B*35:03:01:06,
B*15:466,B*15:84,B*35:03:01:07,
B*15:467,B*15:85,B*35:03:01:08,
B*15:468,B*15:86,B*35:03:01:09,
B*15:469,B*15:87,B*35:03:01:10,
B*15:470,B*15:88,B*35:03:01:11,
B*15:471,B*15:89:01,B*35:03:01:12,
B*15:472,B*15:89:02,B*35:03:01:13,
B*15:474,B*15:92,B*35:03:01:14,
B*15:476,B*15:94N,B*35:03:01:15,
B*15:477,B*15:95,B*35:03:01:16,
B*15:478,B*15:96,B*35:03:01:17,
B*15:480,B*15:97,B*35:03:01:18,
B*15:481,B*15:101,B*35:03:01:19,
B*15:482,B*15:102,B*35:03:01:20,
B*15:483N,B*15:104,B*35:03:01:21,
B*15:484,B*15:105,B*35:03:01:22,
B*15:485,B*15:107,B*35:03:01:23,
B*15:486,B*15:110,B*35:03:01:24,
B*15:488,B*15:111N,B*35:03:01:25,
B*15:489,B*15:112,B*35:03:01:26,
B*15:490,B*15:113,B*35:03:01:27,
B*15:491,B*15:116,B*35:03:01:28,
B*15:492,B*15:117,B*35:03:01:29,
B*15:493,B*15:118,B*35:03:01:30,
B*15:494,B*15:120,B*35:03:01:31,
B*15:495,B*15:121,B*35:03:01:32,
B*15:496N,B*15:122,B*35:03:01:33,
B*15:497,B*15:125:01,B*35:03:01:34,
B*15:499,B*15:125:02,B*35:03:01:35,
B*15:500,B*15:126,B*35:03:01:36,
B*15:501,B*15:128,B*35:03:01:37,
B*15:504:01,B*15:129,B*35:03:01:38,
B*15:504:02,B*15:135,B*35:03:02,
B*15:505,B*15:136,B*35:03:03,
B*15:507,B*15:137,B*35:03:04,
B*15:508,B*15:138,B*35:03:05,
B*15:510,B*15:139,B*35:03:06,
B*15:512,B*15:140,B*35:03:07,
B*15:513,B*15:141,B*35:03:08,
B*15:514,B*15:142,B*35:03:09,
B*15:515,B*15:144,B*35:03:10,
B*15:516,B*15:145,B*35:03:11,
B*15:518,B*15:146,B*35:03:12,
B*15:519,B*15:147,B*35:03:13,
B*15:520Q,B*15:148,B*35:03:14,
B*15:521,B*15:149N,B*35:03:15,
B*15:522,B*15:150,B*35:03:16,
B*15:523,B*15:152,B*35:03:17,
B*15:524,B*15:154:01,B*35:03:18,
B*15:525,B*15:154:02,B*35:03:19,
B*15:528N,B*15:155,B*35:03:20,
B*15:529,B*15:157,B*35:03:21,
B*15:532,B*15:159,B*35:03:22,
B*15:533:01,B*15:160:01:01,B*35:03:23,
B*15:533:02,B*15:160:01:02,B*35:03:24,
B*15:534,B*15:162,B*35:03:25,
B*15:535,B*15:164,B*35:03:26,
B*15:536,B*15:165,B*35:03:27,
B*15:537,B*15:166,B*35:03:28,
B*15:538,B*15:167,B*35:03:29,
B*15:540N,B*15:168,B*35:03:30,
B*15:541,B*15:169,B*35:03:31,
B*15:542,B*15:171,B*35:03:32,
B*15:543,B*15:172,B*35:03:34,
B*15:544N,B*15:174,B*35:03:35,
B*15:546Q,B*15:175,B*35:03:36,
B*15:547,B*15:177,B*35:03:37,
B*15:549:01N,B*15:178,B*35:03:38,
B*15:549:02N,B*15:179:01,B*35:03:39,
B*15:550,B*15:179:02,B*35:03:40,
B*15:551,B*15:181N,B*35:03:41,
B*15:552,B*15:182N,B*35:03:43,
B*15:553,B*15:183,B*35:03:44,
B*15:554,B*15:184,B*35:04:01:01,
B*15:555,B*15:185,B*35:04:01:02,
B*15:557,B*15:187,B*35:04:02,
B*15:558,B*15:188,B*35:04:03,
B*15:562N,B*15:189:01,B*35:05:01:01,
B*15:564,B*15:189:02,B*35:05:01:02,
B*15:565,B*15:190N,B*35:05:01:03,
B*15:566,B*15:191,B*35:05:01:04,
B*15:567,B*15:192,B*35:05:01:05,
B*15:568,B*15:193,B*35:05:01:06,
B*15:569,B*15:194,B*35:05:02,
B*15:572,B*15:195,B*35:05:03,
B*15:574,B*15:196,B*35:05:04,
B*15:575N,B*15:199,B*35:05:05,
B*15:576,B*15:201,B*35:05:06,
B*15:577,B*15:203,B*35:06,
B*15:578,B*15:204,B*35:07,
B*15:579,B*15:205,B*35:08:01:01,
B*15:580,B*15:206,B*35:08:01:02,
B*15:581,B*15:207,B*35:08:01:03,
B*15:583,B*15:208,B*35:08:01:04,
B*15:584N,B*15:209N,B*35:08:01:05,
B*15:585,B*15:211,B*35:08:01:06,
B*15:586,B*15:213,B*35:08:01:07,
B*15:587,B*15:214,B*35:08:01:08,
B*15:589,B*15:215,B*35:08:01:09,
B*15:590,B*15:216,B*35:08:01:10,
B*15:591,B*15:217,B*35:08:01:11,
B*15:592,B*15:218Q,B*35:08:01:12,
B*15:593,B*15:219,B*35:08:01:13,
B*15:594,B*15:222,B*35:08:03,
B*15:595,B*15:223,B*35:08:04,
B*15:596N,B*15:224,B*35:08:06,
B*15:597,B*15:225,B*35:08:07,
B*15:598,B*15:227,B*35:08:08,
B*15:599,B*15:228,B*35:08:09,
B*15:600,B*15:230,B*35:08:10,
B*15:601,B*15:231,B*35:08:11,
B*15:602,B*15:232,B*35:08:12,
B*15:603,B*15:233,B*35:08:13,
B*15:604N,B*15:234,B*35:08:14,
B*15:605,B*15:236,B*35:08:15,
B*15:606,B*15:237,B*35:08:16,
B*15:609,B*15:240,B*35:08:17,
B*15:613,B*15:241,B*35:09:01:01,
B*15:615,B*15:244,B*35:09:01:02,
B*15:618,B*15:245:01Q,B*35:09:02,
B*15:621,B*15:245:02Q,B*35:09:03,
B*15:622,B*15:246N,B*35:09:04,
B*15:623,B*15:247,B*35:10,
B*15:624,B*15:248,B*35:11:01,
B*15:625,B*15:249,B*35:11:02,
B*15:626,B*15:250,B*35:11:03,
B*15:627,B*15:251:01,B*35:11:04,
B*15:629,B*15:251:02,B*35:12:01:01,
B*15:630,B*15:251:03,B*35:12:01:02,
B*15:631,B*15:254,B*35:12:01:03,
B*15:632,B*15:256,B*35:12:01:04,
B*15:633,B*15:257,B*35:12:02,
B*15:634,B*15:258N,B*35:12:03,
B*15:635,B*15:260,B*35:12:04,
B*15:636,B*15:261,B*35:13:01,
B*15:637,B*15:262:01N,B*35:13:02,
B*15:638,B*15:262:02N,B*35:13:03,
B*15:639,B*15:264,B*35:14:01,
B*15:640,B*15:265,B*35:14:02,
B*15:641,B*15:267,B*35:14:03,
B*15:642,B*15:268,B*35:15:01,
B*15:644,B*15:269,B*35:15:02,
B*15:645,B*15:270,B*35:16,
B*15:646,B*15:271,B*35:17:01:01,
B*15:647,B*15:272N,B*35:17:01:02,
B*15:648,B*15:273,B*35:17:01:03,
B*15:649,B*15:276,B*35:17:02,
B*15:651,B*15:277,B*35:17:03,
B*15:652,B*15:278,B*35:17:04,
B*15:653,B*15:279,B*35:17:05,
B*15:655,B*15:283,B*35:18,
B*15:656,B*15:284,B*35:20:01,
B*15:657,B*15:285,B*35:20:02,
B*15:658,B*15:286,B*35:20:03,
B*15:660,B*15:287,B*35:21,
B*15:661,B*15:288,B*35:22:01:01,
B*15:662,B*15:289,B*35:22:01:02,
B*15:663,B*15:291,B*35:23,
B*15:664,B*15:295,B*35:24:01,
B*15:665,B*15:296,B*35:24:02,
B*15:666,B*15:297,B*35:27,
B*15:667,B*15:298,B*35:28:01:01,
B*15:668,B*15:299,B*35:28:01:02,
B*15:669N,B*15:300,B*35:28:01:03,
B*15:670,B*15:301,B*35:29:01,
B*15:671N,B*15:302N,B*35:29:03,
B*15:673,B*15:303,B*35:30:01:01,
B*15:674,B*15:304N,B*35:30:01:02,
B*15:677,B*15:305,B*35:31,
B*15:678,B*15:309,B*35:32:01,
B*15:679,B*15:310,B*35:32:02,
B*15:680,B*15:315,B*35:32:03,
B*15:681,B*15:316,B*35:33,
B*15:682,B*15:317,B*35:34,
B*15:684,B*15:318,B*35:35,
B*15:685,B*15:319,B*35:36,
B*15:686,B*15:320,B*35:37,
B*15:687,B*15:321Q,B*35:38,
B*15:688,B*15:322,B*35:39,
B*15:689,B*15:324,B*35:40N,
B*15:691,B*15:325,B*35:41,
B*15:692,B*15:326,B*35:42:01,
B*15:694,B*15:327,B*35:42:02,
B*15:695,B*15:328,B*35:42:03,
B*15:696,B*15:330,B*35:43:01,
B*15:697,B*15:331,B*35:43:03,
B*15:699,B*15:332,B*35:43:04,
B*15:700,B*15:333,B*35:44,
B*15:702,B*15:334,B*35:45,
B*15:703,B*15:336,B*35:48,
B*15:704,B*15:339,B*35:50,
B*15:706,B*15:340,B*35:51:01,
B*15:709,B*15:341,B*35:51:02,
B*15:710,B*15:342,B*35:52,
B*15:712,B*15:343,B*35:53N,
B*15:713,B*15:344,B*35:54,
B*15:716,B*15:345,B*35:55,
B*15:717,B*15:346,B*35:56,
B*15:718,B*15:347,B*35:57,
B*18:04:02,B*15:348,B*35:58,
B*18:29,B*15:349:01,B*35:59:01,
B*18:98:01,B*15:349:02,B*35:59:02,
B*27:214,B*15:350,B*35:60,
B*35:01:01:01,B*15:352,B*35:61:01,
B*35:01:01:02,B*15:353,B*35:61:02,
B*35:01:01:03,B*15:355,B*35:62,
B*35:01:01:04,B*15:357,B*35:64:01,
B*35:01:01:05,B*15:358,B*35:64:02,
B*35:01:01:06,B*15:359,B*35:65Q,
B*35:01:01:07,B*15:360,B*35:66,
B*35:01:01:08,B*15:361,B*35:67,
B*35:01:01:09,B*15:362,B*35:68:01,
B*35:01:01:10,B*15:363:01,B*35:68:02,
B*35:01:01:11,B*15:363:02,B*35:69,
B*35:01:01:12,B*15:364,B*35:70,
B*35:01:01:13,B*15:365,B*35:71,
B*35:01:01:14,B*15:366,B*35:72,
B*35:01:01:15,B*15:367,B*35:74,
B*35:01:01:16,B*15:368,B*35:75,
B*35:01:01:17,B*15:370,B*35:76,
B*35:01:01:18,B*15:371,B*35:77,
B*35:01:01:19,B*15:372,B*35:78,
B*35:01:01:20,B*15:373,B*35:79,
B*35:01:01:21,B*15:374,B*35:80,
B*35:01:01:22,B*15:375N,B*35:81,
B*35:01:01:23,B*15:377Q,B*35:82:01,
B*35:01:01:24,B*15:378,B*35:82:02,
B*35:01:01:25,B*15:381,B*35:83,
B*35:01:01:26,B*15:383,B*35:84,
B*35:01:01:27,B*15:384:01,B*35:85,
B*35:01:01:28,B*15:384:02,B*35:86,
B*35:01:01:29,B*15:385,B*35:87,
B*35:01:01:30,B*15:386,B*35:88,
B*35:01:01:31,B*15:387,B*35:89,
B*35:01:01:32,B*15:390,B*35:90,
B*35:01:01:33,B*15:391,B*35:91,
B*35:01:01:34,B*15:392,B*35:92,
B*35:01:01:35,B*15:393,B*35:93,
B*35:01:01:36,B*15:394,B*35:94,
B*35:01:01:37,B*15:395,B*35:95,
B*35:01:01:38,B*15:396,B*35:96,
B*35:01:01:39,B*15:398,B*35:97,
B*35:01:01:40,B*15:399,B*35:98,
B*35:01:01:41,B*15:400N,B*35:99,
B*35:01:01:42,B*15:401,B*35:101:01,
B*35:01:01:43,B*15:402,B*35:101:02,
B*35:01:01:44,B*15:403,B*35:102,
B*35:01:01:45,B*15:404,B*35:104,
B*35:01:01:46,B*15:405,B*35:105,
B*35:01:01:47,B*15:406,B*35:106,
B*35:01:01:48,B*15:407,B*35:107,
B*35:01:01:49,B*15:408,B*35:108:01,
B*35:01:01:50,B*15:409,B*35:108:02,
B*35:01:01:51,B*15:410,B*35:109,
B*35:01:01:52,B*15:411,B*35:110,
B*35:01:01:53,B*15:412,B*35:111,
B*35:01:01:54,B*15:413,B*35:112:01,
B*35:01:01:55,B*15:415,B*35:112:02,
B*35:01:01:56,B*15:416,B*35:113,
B*35:01:01:57,B*15:417,B*35:114,
B*35:01:01:58,B*15:418,B*35:115,
B*35:01:01:59,B*15:419,B*35:116,
B*35:01:01:60,B*15:420,B*35:117,
B*35:01:01:61,B*15:421,B*35:118,
B*35:01:01:62,B*15:422,B*35:119,
B*35:01:01:63,B*15:423,B*35:120,
B*35:01:01:64,B*15:424,B*35:121,
B*35:01:01:65,B*15:425,B*35:122,
B*35:01:01:66,B*15:428,B*35:123,
B*35:01:01:67,B*15:429,B*35:124,
B*35:01:01:68,B*15:430,B*35:125,
B*35:01:01:69,B*15:431,B*35:126,
B*35:01:01:70,B*15:432,B*35:127,
B*35:01:01:71,B*15:437,B*35:129N,
B*35:01:01:72,B*15:438,B*35:130N,
B*35:01:01:73,B*15:440,B*35:131:01,
B*35:01:01:74,B*15:441,B*35:131:02,
B*35:01:01:75,B*15:442,B*35:132,
B*35:01:01:76,B*15:443,B*35:133,
B*35:01:01:77,B*15:446,B*35:134N,
B*35:01:01:78,B*15:449,B*35:135,
B*35:01:01:79,B*15:450,B*35:136,
B*35:01:01:80,B*15:452,B*35:137,
B*35:01:01:81,B*15:453,B*35:138,
B*35:01:01:82,B*15:454N,B*35:139,
B*35:01:01:83,B*15:456,B*35:140,
B*35:01:01:84,B*15:457,B*35:141,
B*35:01:01:85,B*15:458,B*35:142,
B*35:01:01:86,B*15:459,B*35:143,
B*35:01:01:87,B*15:460,B*35:144,
B*35:01:01:88,B*15:461,B*35:145N,
B*35:01:01:89,B*15:462,B*35:146,
B*35:01:02,B*15:463N,B*35:147,
B*35:01:03,B*15:464,B*35:148,
B*35:01:04,B*15:465,B*35:149,
B*35:01:05,B*15:466,B*35:150:01,
B*35:01:06,B*15:467,B*35:150:02,
B*35:01:07,B*15:468,B*35:151:01,
B*35:01:08,B*15:469,B*35:151:02,
B*35:01:09,B*15:470,B*35:152,
B*35:01:10,B*15:471,B*35:153,
B*35:01:12,B*15:472,B*35:155,
B*35:01:13,B*15:473,B*35:156,
B*35:01:14,B*15:474,B*35:157,
B*35:01:15,B*15:476,B*35:158,
B*35:01:16,B*15:477,B*35:159,
B*35:01:17,B*15:478,B*35:160,
B*35:01:18,B*15:479,B*35:161,
B*35:01:19,B*15:481,B*35:162,
B*35:01:20,B*15:482,B*35:163,
B*35:01:21,B*15:483N,B*35:164,
B*35:01:22,B*15:484,B*35:165N,
B*35:01:23,B*15:485,B*35:166,
B*35:01:24,B*15:486,B*35:167,
B*35:01:25,B*15:488,B*35:168,
B*35:01:26,B*15:489,B*35:169,
B*35:01:27,B*15:490,B*35:170,
B*35:01:28,B*15:491,B*35:171,
B*35:01:30,B*15:492,B*35:172,
B*35:01:31,B*15:493,B*35:173:01N,
B*35:01:32,B*15:494,B*35:173:02N,
B*35:01:33,B*15:495,B*35:174,
B*35:01:34,B*15:496N,B*35:175,
B*35:01:35,B*15:497,B*35:176,
B*35:01:36,B*15:499,B*35:177,
B*35:01:37,B*15:500,B*35:178,
B*35:01:38,B*15:501,B*35:179,
B*35:01:39,B*15:505,B*35:180,
B*35:01:40,B*15:507,B*35:181,
B*35:01:41,B*15:508,B*35:182,
B*35:01:42,B*15:510,B*35:183,
B*35:01:43,B*15:512,B*35:184,
B*35:01:44,B*15:513,B*35:185,
B*35:01:45,B*15:514,B*35:186,
B*35:01:46,B*15:515,B*35:187,
B*35:01:47,B*15:516,B*35:188,
B*35:01:48,B*15:518,B*35:189,
B*35:01:49,B*15:519,B*35:190,
B*35:01:50,B*15:520Q,B*35:191,
B*35:01:51,B*15:521,B*35:192,
B*35:01:52,B*15:522,B*35:193,
B*35:01:53,B*15:523,B*35:194,
B*35:01:54,B*15:524,B*35:195,
B*35:01:55,B*15:528N,B*35:196,
B*35:01:56,B*15:529,B*35:197,
B*35:01:57,B*15:531,B*35:199,
B*35:01:58,B*15:532,B*35:200,
B*35:01:59,B*15:533:01,B*35:201,
B*35:01:60,B*15:533:02,B*35:202,
B*35:01:61,B*15:534,B*35:203,
B*35:01:62,B*15:535,B*35:204,
B*35:01:63,B*15:536,B*35:205:01,
B*35:01:64,B*15:537,B*35:205:02,
B*35:01:65,B*15:538,B*35:205:03,
B*35:01:66,B*15:540N,B*35:206,
B*35:01:67,B*15:541,B*35:208:01,
B*35:01:68,B*15:542,B*35:208:02,
B*35:01:69,B*15:543,B*35:209,
B*35:01:70,B*15:544N,B*35:211,
B*35:01:71,B*15:545,B*35:212,
B*35:01:72,B*15:546Q,B*35:213,
B*35:01:73,B*15:547,B*35:214,
B*35:01:74,B*15:549:01N,B*35:215:01,
B*35:01:75,B*15:549:02N,B*35:215:02,
B*35:01:76,B*15:550,B*35:216N,
B*35:01:77,B*15:551,B*35:218,
B*35:01:78,B*15:552,B*35:219,
B*35:02:01:01,B*15:554,B*35:220,
B*35:02:01:02,B*15:555,B*35:221,
B*35:02:01:03,B*15:556,B*35:222,
B*35:02:01:04,B*15:557,B*35:223,
B*35:02:01:05,B*15:558,B*35:224,
B*35:02:01:06,B*15:559,B*35:225,
B*35:02:01:07,B*15:561,B*35:226,
B*35:02:01:08,B*15:562N,B*35:227,
B*35:02:01:09,B*15:564,B*35:228,
B*35:02:01:10,B*15:565,B*35:229,
B*35:02:02,B*15:566,B*35:230,
B*35:02:03,B*15:567,B*35:231,
B*35:02:04,B*15:568,B*35:232,
B*35:02:05,B*15:569,B*35:233,
B*35:02:06,B*15:572,B*35:234,
B*35:02:07,B*15:574,B*35:235,
B*35:02:08,B*15:575N,B*35:236,
B*35:02:09,B*15:576,B*35:237,
B*35:02:10,B*15:577,B*35:238,
B*35:02:11,B*15:578,B*35:239,
B*35:02:12,B*15:579,B*35:240,
B*35:02:13,B*15:580,B*35:241,
B*35:02:14,B*15:581,B*35:242,
B*35:02:15,B*15:583,B*35:243,
B*35:02:16,B*15:584N,B*35:244,
B*35:02:17,B*15:585,B*35:245,
B*35:02:18,B*15:586,B*35:246,
B*35:02:19,B*15:587,B*35:247:01,
B*35:02:20,B*15:589,B*35:247:02,
B*35:02:21,B*15:591,B*35:248,
B*35:02:22,B*15:592,B*35:249,
B*35:02:23,B*15:593,B*35:250,
B*35:03:01:01,B*15:594,B*35:251:01,
B*35:03:01:02,B*15:595,B*35:251:02,
B*35:03:01:03,B*15:596N,B*35:252,
B*35:03:01:04,B*15:597,B*35:253,
B*35:03:01:05,B*15:598,B*35:255,
B*35:03:01:06,B*15:599,B*35:256,
B*35:03:01:07,B*15:600,B*35:257,
B*35:03:01:08,B*15:601,B*35:258,
B*35:03:01:09,B*15:602,B*35:259,
B*35:03:01:10,B*15:603,B*35:260,
B*35:03:01:11,B*15:604N,B*35:261,
B*35:03:01:12,B*15:605,B*35:262,
B*35:03:01:13,B*15:606,B*35:263,
B*35:03:01:14,B*15:608,B*35:264,
B*35:03:01:15,B*15:609,B*35:265,
B*35:03:01:16,B*15:613,B*35:266,
B*35:03:01:17,B*15:615,B*35:267,
B*35:03:01:18,B*15:618,B*35:269,
B*35:03:01:19,B*15:619,B*35:270,
B*35:03:01:20,B*15:621,B*35:272,
B*35:03:01:21,B*15:623,B*35:273,
B*35:03:01:22,B*15:624,B*35:275,
B*35:03:01:23,B*15:625,B*35:276,
B*35:03:01:24,B*15:626,B*35:277,
B*35:03:01:25,B*15:627,B*35:278,
B*35:03:01:26,B*15:629,B*35:279,
B*35:03:01:27,B*15:630,B*35:280,
B*35:03:01:28,B*15:631,B*35:281,
B*35:03:01:29,B*15:632,B*35:282,
B*35:03:01:30,B*15:633,B*35:283,
B*35:03:01:31,B*15:634,B*35:284,
B*35:03:01:32,B*15:635,B*35:285,
B*35:03:01:33,B*15:636,B*35:286,
B*35:03:01:34,B*15:637,B*35:287,
B*35:03:01:35,B*15:638,B*35:288,
B*35:03:01:36,B*15:639,B*35:289,
B*35:03:01:37,B*15:640,B*35:290,
B*35:03:01:38,B*15:641,B*35:291,
B*35:03:02,B*15:642,B*35:292,
B*35:03:03,B*15:644,B*35:293,
B*35:03:04,B*15:645,B*35:294,
B*35:03:05,B*15:646,B*35:295,
B*35:03:06,B*15:647,B*35:296,
B*35:03:07,B*15:648,B*35:297,
B*35:03:08,B*15:649,B*35:298,
B*35:03:09,B*15:651,B*35:299,
B*35:03:10,B*15:652,B*35:300,
B*35:03:11,B*15:653,B*35:301,
B*35:03:12,B*15:655,B*35:302,
B*35:03:13,B*15:656,B*35:303,
B*35:03:14,B*15:657,B*35:304,
B*35:03:15,B*15:658,B*35:305,
B*35:03:16,B*15:659,B*35:306,
B*35:03:17,B*15:660,B*35:307,
B*35:03:18,B*15:661,B*35:308,
B*35:03:19,B*15:662,B*35:309,
B*35:03:20,B*15:663,B*35:310,
B*35:03:21,B*15:664,B*35:312,
B*35:03:23,B*15:665,B*35:313,
B*35:03:24,B*15:666,B*35:315,
B*35:03:25,B*15:667,B*35:316,
B*35:03:26,B*15:668,B*35:318,
B*35:03:28,B*15:669N,B*35:319,
B*35:03:29,B*15:670,B*35:320,
B*35:03:30,B*15:671N,B*35:321,
B*35:03:31,B*15:672,B*35:322,
B*35:03:32,B*15:673,B*35:323:01,
B*35:03:33,B*15:674,B*35:323:02,
B*35:03:34,B*15:677,B*35:324,
B*35:03:35,B*15:678,B*35:325,
B*35:03:36,B*15:679,B*35:326,
B*35:03:37,B*15:680,B*35:327,
B*35:03:38,B*15:681,B*35:328,
B*35:03:39,B*15:682,B*35:329,
B*35:03:40,B*15:684,B*35:330,
B*35:03:41,B*15:685,B*35:331,
B*35:03:42,B*15:686,B*35:332,
B*35:03:43,B*15:687,B*35:333Q,
B*35:03:44,B*15:688,B*35:334,
B*35:04:01:01,B*15:689,B*35:335,
B*35:04:01:02,B*15:691,B*35:336,
B*35:04:02,B*15:692,B*35:337:01,
B*35:04:03,B*15:694,B*35:337:02,
B*35:05:01:01,B*15:695,B*35:338,
B*35:05:01:02,B*15:696,B*35:339,
B*35:05:01:03,B*15:697,B*35:340,
B*35:05:01:04,B*15:699,B*35:341,
B*35:05:01:05,B*15:700,B*35:342,
B*35:05:01:06,B*15:702,B*35:343,
B*35:05:02,B*15:703,B*35:344,
B*35:05:03,B*15:704,B*35:345,
B*35:05:04,B*15:709,B*35:346,
B*35:05:05,B*15:710,B*35:347,
B*35:05:06,B*15:713,B*35:348,
B*35:06,B*15:716,B*35:349,
B*35:07,B*15:717,B*35:350,
B*35:08:01:01,B*15:718,B*35:351,
B*35:08:01:02,B*18:178,B*35:352,
B*35:08:01:03,B*27:67,B*35:353,
B*35:08:01:04,B*35:46,B*35:354,
B*35:08:01:05,B*35:207,B*35:355,
B*35:08:01:06,B*35:311,B*35:356,
B*35:08:01:07,B*35:583,B*35:357,
B*35:08:01:08,B*37:61,B*35:358,
B*35:08:01:09,B*40:21,B*35:359,
B*35:08:01:10,B*40:137,B*35:360,
B*35:08:01:11,B*44:08,B*35:362,
B*35:08:01:12,B*44:57,B*35:363,
B*35:08:01:13,B*44:60,B*35:364,
B*35:08:02,B*46:01:01:01,B*35:365,
B*35:08:03,B*46:01:01:02,B*35:366,
B*35:08:04,B*46:01:01:03,B*35:367:01,
B*35:08:06,B*46:01:01:04,B*35:367:02,
B*35:08:07,B*46:01:01:05,B*35:368,
B*35:08:08,B*46:01:01:06,B*35:369,
B*35:08:09,B*46:01:01:07,B*35:370,
B*35:08:10,B*46:01:01:08,B*35:371,
B*35:08:11,B*46:01:01:09,B*35:372,
B*35:08:12,B*46:01:01:10,B*35:373,
B*35:08:13,B*46:01:02,B*35:374,
B*35:08:14,B*46:01:03,B*35:375,
B*35:08:15,B*46:01:04,B*35:376,
B*35:08:16,B*46:01:05,B*35:377,
B*35:08:17,B*46:01:06,B*35:378,
B*35:09:01:01,B*46:01:07,B*35:379,
B*35:09:01:02,B*46:01:08,B*35:380:01:01,
B*35:09:02,B*46:01:09,B*35:380:01:02,
B*35:09:03,B*46:01:10,B*35:381N,
B*35:09:04,B*46:01:11,B*35:382,
B*35:10,B*46:01:12,B*35:383,
B*35:11:01,B*46:01:13,B*35:384,
B*35:11:02,B*46:01:14,B*35:385,
B*35:11:03,B*46:01:15,B*35:386,
B*35:11:04,B*46:01:16,B*35:387,
B*35:12:01:01,B*46:01:17,B*35:388,
B*35:12:01:02,B*46:01:18,B*35:389,
B*35:12:01:03,B*46:01:19,B*35:390N,
B*35:12:01:04,B*46:01:20,B*35:391,
B*35:12:02,B*46:01:21,B*35:392,
B*35:12:03,B*46:01:22,B*35:393,
B*35:12:04,B*46:01:23,B*35:394,
B*35:13:01,B*46:01:24,B*35:395,
B*35:13:02,B*46:01:25,B*35:396,
B*35:13:03,B*46:01:26,B*35:397,
B*35:14:01,B*46:01:28,B*35:398,
B*35:14:02,B*46:01:29,B*35:399,
B*35:14:03,B*46:01:30,B*35:400,
B*35:15:01,B*46:01:31,B*35:401,
B*35:15:02,B*46:01:32,B*35:402,
B*35:16,B*46:01:33,B*35:403,
B*35:17:01:01,B*46:01:34,B*35:404,
B*35:17:01:02,B*46:01:35,B*35:405,
B*35:17:01:03,B*46:01:36,B*35:406,
B*35:17:02,B*46:01:37,B*35:407,
B*35:17:03,B*46:01:38,B*35:408,
B*35:17:04,B*46:01:39,B*35:409,
B*35:17:05,B*46:01:40,B*35:410,
B*35:18,B*46:01:41,B*35:411,
B*35:19,B*46:01:42,B*35:412,
B*35:20:01,B*46:01:43,B*35:413,
B*35:20:02,B*46:02,B*35:414,
B*35:20:03,B*46:03,B*35:415,
B*35:21,B*46:05,B*35:416,
B*35:22:01:01,B*46:06,B*35:417,
B*35:22:01:02,B*46:07N,B*35:418,
B*35:23,B*46:08,B*35:419,
B*35:24:01,B*46:09,B*35:420,
B*35:24:02,B*46:10,B*35:421,
B*35:26,B*46:11,B*35:422,
B*35:27,B*46:12,B*35:423,
B*35:28:01:01,B*46:13:01,B*35:424,
B*35:28:01:02,B*46:13:02,B*35:425,
B*35:28:01:03,B*46:13:03,B*35:426,
B*35:29:01,B*46:14,B*35:427N,
B*35:29:02,B*46:15N,B*35:428Q,
B*35:29:03,B*46:16,B*35:429,
B*35:30:01:01,B*46:17,B*35:430N,
B*35:30:01:02,B*46:18,B*35:431,
B*35:31,B*46:19,B*35:432,
B*35:32:01,B*46:20,B*35:433,
B*35:32:02,B*46:21:01,B*35:434,
B*35:32:03,B*46:21:02,B*35:435:01,
B*35:33,B*46:22,B*35:435:02,
B*35:34,B*46:23,B*35:436,
B*35:35,B*46:24,B*35:437,
B*35:36,B*46:25,B*35:438,
B*35:37,B*46:26,B*35:439:01:01,
B*35:38,B*46:27,B*35:439:01:02,
B*35:39,B*46:28,B*35:440,
B*35:40N,B*46:29,B*35:441,
B*35:41,B*46:30,B*35:442,
B*35:42:01,B*46:31,B*35:443,
B*35:42:03,B*46:32:01,B*35:444,
B*35:43:01,B*46:32:02,B*35:445,
B*35:43:03,B*46:33,B*35:446,
B*35:43:04,B*46:34,B*35:447,
B*35:44,B*46:35,B*35:448N,
B*35:45,B*46:36,B*35:449,
B*35:46,B*46:37,B*35:451,
B*35:47,B*46:38,B*35:452,
B*35:48,B*46:39,B*35:453N,
B*35:49:01,B*46:41N,B*35:454,
B*35:49:02,B*46:42,B*35:455,
B*35:49:03,B*46:43,B*35:456N,
B*35:50,B*46:44,B*35:457,
B*35:51:01,B*46:45,B*35:458,
B*35:51:02,B*46:46,B*35:459N,
B*35:52,B*46:48,B*35:460Q,
B*35:53N,B*46:49,B*35:461N,
B*35:54,B*46:50,B*35:462,
B*35:55,B*46:51Q,B*35:463,
B*35:56,B*46:52,B*35:464,
B*35:57,B*46:53,B*35:465,
B*35:58,B*46:54,B*35:466,
B*35:59:01,B*46:55N,B*35:467,
B*35:59:02,B*46:56,B*35:468,
B*35:60,B*46:57,B*35:469,
B*35:61:01,B*46:58,B*35:470,
B*35:61:02,B*46:59,B*35:471,
B*35:62,B*46:60,B*35:472,
B*35:64:01,B*46:61,B*35:473,
B*35:64:02,B*46:62,B*35:474,
B*35:65Q,B*46:63,B*35:475,
B*35:66,B*46:64,B*35:476,
B*35:67,B*46:65,B*35:477,
B*35:68:01,B*46:66,B*35:478,
B*35:68:02,B*46:67,B*35:479,
B*35:69,B*46:68,B*35:480,
B*35:70,B*46:69,B*35:481,
B*35:71,B*46:70,B*35:482,
B*35:72,B*46:71,B*35:483,
B*35:74,B*46:72,B*35:484:01,
B*35:75,B*46:73,B*35:484:02,
B*35:76,B*46:74,B*35:485,
B*35:77,B*46:75,B*35:486,
B*35:78,B*46:76,B*35:487,
B*35:79,B*46:79N,B*35:488,
B*35:80,B*46:80,B*35:489,
B*35:81,B*46:81,B*35:490,
B*35:82:01,B*46:82,B*35:491,
B*35:82:02,B*46:83,B*35:492,
B*35:83,B*46:84,B*35:493,
B*35:85,B*46:85,B*35:494,
B*35:86,B*46:87,B*35:495,
B*35:87,B*46:88,B*35:496,
B*35:88,B*46:89,B*35:497,
B*35:89,B*46:90,B*35:498,
B*35:91,B*46:91,B*35:499,
B*35:92,B*46:92,B*35:500,
B*35:93,B*46:93,B*35:501,
B*35:94,B*46:94,B*35:502,
B*35:95,B*46:95N,B*35:503,
B*35:96,B*46:96,B*35:504,
B*35:97,B*46:97,B*35:505,
B*35:98,B*46:98N,B*35:506,
B*35:99,B*46:99,B*35:507N,
B*35:100,B*46:100,B*35:508N,
B*35:101:01,B*46:101,B*35:509,
B*35:101:02,B*46:102,B*35:510,
B*35:102,B*51:104:01,B*35:511,
B*35:103,B*51:104:02,B*35:512,
B*35:104,B*52:02:01,B*35:513N,
B*35:105,B*52:02:02,B*35:514,
B*35:106,B*55:35,B*35:515,
B*35:108:01,B*56:39,B*35:516,
B*35:108:02,B*57:01:01:01,B*35:517,
B*35:109,B*57:01:01:02,B*35:518,
B*35:110,B*57:01:01:03,B*35:519,
B*35:111,B*57:01:01:04,B*35:520,
B*35:112:01,B*57:01:01:05,B*35:521,
B*35:112:02,B*57:01:01:06,B*35:522,
B*35:113,B*57:01:01:07,B*35:523,
B*35:114,B*57:01:01:08,B*35:524,
B*35:115,B*57:01:01:09,B*35:525,
B*35:116,B*57:01:01:10,B*35:526,
B*35:117,B*57:01:01:11,B*35:527,
B*35:118,B*57:01:01:12,B*35:528,
B*35:119,B*57:01:01:13,B*35:529,
B*35:120,B*57:01:01:14,B*35:530,
B*35:121,B*57:01:01:15,B*35:531,
B*35:122,B*57:01:01:16,B*35:532,
B*35:123,B*57:01:01:17,B*35:533,
B*35:126,B*57:01:01:18,B*35:534,
B*35:127,B*57:01:01:19,B*35:535,
B*35:128,B*57:01:01:20,B*35:536,
B*35:129N,B*57:01:01:21,B*35:537,
B*35:130N,B*57:01:01:22,B*35:538,
B*35:131:01,B*57:01:01:23,B*35:539,
B*35:131:02,B*57:01:01:24,B*35:540,
B*35:132,B*57:01:01:25,B*35:541,
B*35:133,B*57:01:01:26,B*35:542N,
B*35:134N,B*57:01:01:27,B*35:543,
B*35:135,B*57:01:01:28,B*35:544,
B*35:136,B*57:01:01:29,B*35:545,
B*35:137,B*57:01:01:30,B*35:546,
B*35:138,B*57:01:01:31,B*35:547,
B*35:139,B*57:01:02,B*35:548,
B*35:140,B*57:01:03,B*35:549,
B*35:141,B*57:01:04,B*35:550,
B*35:143,B*57:01:05,B*35:551N,
B*35:144,B*57:01:06,B*35:552,
B*35:145N,B*57:01:07,B*35:553,
B*35:146,B*57:01:08,B*35:554,
B*35:147,B*57:01:09,B*35:555,
B*35:149,B*57:01:10,B*35:556Q,
B*35:151:01,B*57:01:11,B*35:557,
B*35:151:02,B*57:01:12,B*35:558,
B*35:152,B*57:01:13,B*35:559,
B*35:153,B*57:01:14,B*35:560,
B*35:154,B*57:01:15,B*35:561,
B*35:155,B*57:01:16,B*35:562,
B*35:156,B*57:01:17,B*35:563,
B*35:157,B*57:01:18,B*35:564,
B*35:158,B*57:01:19,B*35:565,
B*35:159,B*57:01:20,B*35:566,
B*35:160,B*57:01:21,B*35:567,
B*35:161,B*57:01:23,B*35:568,
B*35:163,B*57:01:24,B*35:569,
B*35:164,B*57:01:25,B*35:571,
B*35:165N,B*57:01:26,B*35:572,
B*35:166,B*57:01:27,B*35:573,
B*35:167,B*57:01:28,B*35:574N,
B*35:169,B*57:01:29,B*35:575,
B*35:170,B*57:01:30,B*35:576,
B*35:171,B*57:01:31,B*35:577,
B*35:172,B*57:01:32,B*35:578,
B*35:173:01N,B*57:01:33,B*35:579,
B*35:173:02N,B*57:01:34,B*35:580,
B*35:174,B*57:01:35,B*35:581,
B*35:175,B*57:01:36,B*35:582,
B*35:176,B*57:01:37,B*35:584,
B*35:177,B*57:01:38,B*35:585,
B*35:178,B*57:01:39,B*35:586,
B*35:179,B*57:01:40,B*35:587,
B*35:180,B*57:01:41,B*35:588,
B*35:181,B*57:01:44,B*35:589,
B*35:182,B*57:01:45,B*35:590,
B*35:183,B*57:01:46,B*35:591,
B*35:186,B*57:01:47,B*35:592,
B*35:187,B*57:01:48,B*35:593,
B*35:188,B*57:01:49,B*35:594,
B*35:189,B*57:01:50,B*35:595,
B*35:190,B*57:01:51,B*35:596,
B*35:191,B*57:02:01:01,B*35:597N,
B*35:192,B*57:02:01:02,B*35:598,
B*35:194,B*57:02:01:03,B*35:599,
B*35:195,B*57:02:01:04,B*35:600,
B*35:196,B*57:02:01:05,B*35:601N,
B*35:197,B*57:02:02,B*35:602,
B*35:198,B*57:03:01:01,B*35:603,
B*35:199,B*57:03:01:02,B*35:604,
B*35:200,B*57:03:01:03,B*35:605,
B*35:202,B*57:03:01:04,B*35:606,
B*35:203,B*57:03:01:05,B*35:607,
B*35:204,B*57:03:01:06,B*35:608,
B*35:205:01,B*57:03:01:07,B*35:609N,
B*35:205:02,B*57:03:01:08,B*35:610,
B*35:205:03,B*57:03:01:09,B*35:611,
B*35:206,B*57:03:01:10,B*35:612,
B*35:207,B*57:03:01:11,B*35:613,
B*35:208:01,B*57:03:02,B*35:614,
B*35:208:02,B*57:03:03,B*35:615,
B*35:210,B*57:03:04,B*35:616,
B*35:211,B*57:03:05,B*35:617,
B*35:212,B*57:03:06,B*35:618,
B*35:213,B*57:03:07,B*35:619,
B*35:214,B*57:03:08,B*35:620,
B*35:215:01,B*57:03:09,B*35:621,
B*35:215:02,B*57:04:01,B*37:01:01:01,
B*35:216N,B*57:04:02,B*37:01:01:02,
B*35:218,B*57:04:03,B*37:01:01:03,
B*35:219,B*57:05,B*37:01:01:04,
B*35:220,B*57:06,B*37:01:01:05,
B*35:221,B*57:07,B*37:01:01:06,
B*35:222,B*57:08,B*37:01:01:07,
B*35:223,B*57:09,B*37:01:01:08,
B*35:224,B*57:10,B*37:01:01:09,
B*35:226,B*57:11,B*37:01:01:10,
B*35:227,B*57:12,B*37:01:01:11,
B*35:228,B*57:13,B*37:01:01:12,
B*35:229,B*57:14:01,B*37:01:01:13,
B*35:230,B*57:14:02,B*37:01:01:14,
B*35:231,B*57:15,B*37:01:01:15,
B*35:232,B*57:17,B*37:01:01:16,
B*35:233,B*57:18,B*37:01:01:17,
B*35:234,B*57:19,B*37:01:01:18,
B*35:235,B*57:20,B*37:01:01:19,
B*35:236,B*57:21,B*37:01:01:20,
B*35:237,B*57:22,B*37:01:01:21,
B*35:238,B*57:23,B*37:01:01:22,
B*35:239,B*57:24,B*37:01:01:23,
B*35:240,B*57:25,B*37:01:02,
B*35:241,B*57:26,B*37:01:03,
B*35:242,B*57:27,B*37:01:04,
B*35:243,B*57:28N,B*37:01:05,
B*35:245,B*57:29,B*37:01:07,
B*35:246,B*57:30,B*37:01:08,
B*35:247:01,B*57:31:01,B*37:01:09,
B*35:247:02,B*57:31:02,B*37:01:10,
B*35:248,B*57:32,B*37:01:11,
B*35:249,B*57:33,B*37:01:12,
B*35:250,B*57:35,B*37:01:13,
B*35:251:01,B*57:36,B*37:01:14,
B*35:251:02,B*57:37,B*37:01:16,
B*35:252,B*57:38,B*37:01:17,
B*35:253,B*57:39,B*37:01:18,
B*35:254,B*57:40,B*37:01:19,
B*35:255,B*57:41,B*37:01:20,
B*35:256,B*57:42,B*37:01:21,
B*35:257,B*57:43,B*37:01:22,
B*35:258,B*57:44,B*37:01:23,
B*35:259,B*57:46,B*37:01:24,
B*35:260,B*57:47,B*37:01:26,
B*35:261,B*57:48,B*37:01:27,
B*35:262,B*57:49,B*37:01:28,
B*35:263,B*57:50,B*37:01:29,
B*35:264,B*57:52,B*37:01:30,
B*35:265,B*57:53,B*37:01:31,
B*35:266,B*57:54,B*37:01:32,
B*35:268,B*57:55,B*37:02,
B*35:269,B*57:57,B*37:03N,
B*35:270,B*57:58,B*37:04:01,
B*35:271,B*57:59,B*37:04:02,
B*35:272,B*57:60,B*37:05,
B*35:273,B*57:61,B*37:07,
B*35:274,B*57:62,B*37:08,
B*35:275,B*57:63,B*37:09,
B*35:276,B*57:64,B*37:10,
B*35:277,B*57:65,B*37:11,
B*35:278,B*57:66,B*37:12,
B*35:279,B*57:67:01,B*37:13,
B*35:280,B*57:67:02,B*37:14,
B*35:281,B*57:68,B*37:15,
B*35:282,B*57:70,B*37:16Q,
B*35:283,B*57:71,B*37:17,
B*35:284,B*57:72,B*37:18,
B*35:285,B*57:73,B*37:19:01,
B*35:286,B*57:74,B*37:19:02,
B*35:287,B*57:75,B*37:20,
B*35:288,B*57:76,B*37:21,
B*35:289,B*57:77,B*37:22:01,
B*35:290,B*57:78,B*37:22:02,
B*35:291,B*57:79N,B*37:22:03,
B*35:292,B*57:80,B*37:23,
B*35:293,B*57:81,B*37:24,
B*35:294,B*57:82,B*37:25,
B*35:295,B*57:83,B*37:26,
B*35:296,B*57:84,B*37:27,
B*35:297,B*57:85,B*37:29,
B*35:298,B*57:86,B*37:30N,
B*35:299,B*57:87,B*37:31,
B*35:300,B*57:88,B*37:32,
B*35:302,B*57:89,B*37:33N,
B*35:303,B*57:90,B*37:34,
B*35:304,B*57:91,B*37:35,
B*35:305,B*57:92,B*37:36,
B*35:306,B*57:93,B*37:37,
B*35:307,B*57:94,B*37:38,
B*35:308,B*57:95,B*37:39,
B*35:309,B*57:96,B*37:40,
B*35:310,B*57:97,B*37:41,
B*35:311,B*57:98Q,B*37:42N,
B*35:312,B*57:99,B*37:43,
B*35:313,B*57:100,B*37:44,
B*35:314,B*57:101,B*37:45,
B*35:315,B*57:102,B*37:46,
B*35:316,B*57:103,B*37:47,
B*35:318,B*57:104,B*37:48,
B*35:319,B*57:105,B*37:49,
B*35:321,B*57:106,B*37:50,
B*35:322,B*57:107,B*37:51,
B*35:323:01,B*57:108,B*37:52,
B*35:323:02,B*57:109,B*37:53,
B*35:325,B*57:110,B*37:54,
B*35:326,B*57:111,B*37:55,
B*35:327,B*57:112,B*37:56,
B*35:328,B*57:113,B*37:57,
B*35:329,B*57:114,B*37:58,
B*35:330,B*57:115,B*37:59,
B*35:331,B*57:116,B*37:60,
B*35:332,B*57:118,B*37:62,
B*35:333Q,B*57:119,B*37:63,
B*35:334,B*57:121,B*37:64,
B*35:335,B*57:122N,B*37:65,
B*35:336,B*57:123,B*37:66,
B*35:337:01,B*57:124,B*37:67,
B*35:337:02,B*57:125,B*37:68,
B*35:338,B*57:126,B*37:69,
B*35:339,B*57:127,B*37:70,
B*35:340,B*57:128,B*37:71,
B*35:341,B*57:129,B*37:72,
B*35:342,B*57:130N,B*37:73,
B*35:343,B*57:131,B*37:75,
B*35:344,B*57:132,B*37:76,
B*35:345,B*57:133,B*37:77,
B*35:346,B*57:134,B*37:78,
B*35:347,B*57:135,B*37:79N,
B*35:348,B*57:136,B*37:80,
B*35:349,B*57:137,B*37:81,
B*35:350,B*57:138,B*37:83,
B*35:351,B*57:139N,B*37:84,
B*35:352,B*57:140,B*37:85,
B*35:353,B*57:141,B*37:86N,
B*35:354,B*57:142N,B*37:87,
B*35:355,B*57:143N,B*37:88,
B*35:356,B*57:144,B*37:89,
B*35:357,B*57:145,B*37:90,
B*35:358,B*57:146,B*37:91,
B*35:359,B*57:147,B*37:92N,
B*35:360,B*57:148,B*37:93,
B*35:361,B*57:149,B*37:94,
B*35:362,B*57:150,B*37:95,
B*35:363,B*57:151,B*37:96,
B*35:364,B*57:152,B*37:97,
B*35:365,B*57:153,B*37:98,
B*35:366,B*57:154,B*37:99,
B*35:367:01,B*57:155,B*37:100,
B*35:367:02,B*57:156,B*37:101,
B*35:368,B*57:157,B*37:102,
B*35:369,B*57:158,B*37:103,
B*35:370,B*57:159,B*37:104,
B*35:371,B*57:160,B*37:105,
B*35:372,B*57:161,B*37:106,
B*35:373,B*57:162N,B*37:107,
B*35:374,B*57:163,B*37:108,
B*35:375,B*57:164,B*37:109N,
B*35:376,B*57:165,B*37:110,
B*35:377,B*57:166,B*37:111,
B*35:378,B*57:167,B*37:112N,
B*35:379,B*57:168,B*37:113,
B*35:380:01:01,B*57:169,B*38:06,
B*35:380:01:02,B*57:170,B*38:07,
B*35:381N,B*57:171,B*39:19:01,
B*35:382,B*57:172,B*39:186,
B*35:383,B*57:173,B*40:209,
B*35:384,B*57:174,B*40:365,
B*35:385,B*57:175,B*44:06,
B*35:386,B*57:176,B*44:83,
B*35:387,B*57:177,B*44:134,
B*35:388,B*57:178,B*44:445,
B*35:389,B*57:179,B*45:22,
B*35:390N,B*57:180,B*46:40:01,
B*35:391,B*57:181N,B*46:40:02,
B*35:392,B*57:182,B*49:03,
B*35:393,B*57:183,B*51:01:01:01,
B*35:394,B*57:184,B*51:01:01:02,
B*35:395,B*57:185Q,B*51:01:01:03,
B*35:396,B*58:36,B*51:01:01:04,
B*35:397,,B*51:01:01:05,
B*35:398,,B*51:01:01:06,
B*35:399,,B*51:01:01:07,
B*35:400,,B*51:01:01:08,
B*35:401,,B*51:01:01:09,
B*35:402,,B*51:01:01:10,
B*35:403,,B*51:01:01:11,
B*35:404,,B*51:01:01:12,
B*35:405,,B*51:01:01:13,
B*35:406,,B*51:01:01:14,
B*35:407,,B*51:01:01:15,
B*35:408,,B*51:01:01:16,
B*35:409,,B*51:01:01:17,
B*35:410,,B*51:01:01:18,
B*35:411,,B*51:01:01:19,
B*35:412,,B*51:01:01:20,
B*35:413,,B*51:01:01:21,
B*35:414,,B*51:01:01:22,
B*35:415,,B*51:01:01:23,
B*35:416,,B*51:01:01:24,
B*35:417,,B*51:01:01:25,
B*35:418,,B*51:01:01:26,
B*35:419,,B*51:01:01:27,
B*35:420,,B*51:01:01:28,
B*35:421,,B*51:01:01:29,
B*35:422,,B*51:01:01:30,
B*35:423,,B*51:01:01:31,
B*35:424,,B*51:01:01:32,
B*35:425,,B*51:01:01:33,
B*35:426,,B*51:01:01:34,
B*35:427N,,B*51:01:01:35,
B*35:428Q,,B*51:01:01:36,
B*35:429,,B*51:01:01:37,
B*35:430N,,B*51:01:01:38,
B*35:431,,B*51:01:01:39,
B*35:432,,B*51:01:01:40,
B*35:433,,B*51:01:01:41,
B*35:434,,B*51:01:01:42,
B*35:435:01,,B*51:01:01:43,
B*35:435:02,,B*51:01:01:44,
B*35:436,,B*51:01:01:45,
B*35:437,,B*51:01:01:46,
B*35:438,,B*51:01:01:47,
B*35:439:01:01,,B*51:01:01:48,
B*35:439:01:02,,B*51:01:01:49,
B*35:440,,B*51:01:01:50,
B*35:442,,B*51:01:01:51,
B*35:443,,B*51:01:01:52,
B*35:444,,B*51:01:01:53,
B*35:445,,B*51:01:01:54,
B*35:446,,B*51:01:01:55,
B*35:447,,B*51:01:01:56,
B*35:448N,,B*51:01:01:57,
B*35:449,,B*51:01:01:58,
B*35:450,,B*51:01:01:59,
B*35:451,,B*51:01:01:60,
B*35:452,,B*51:01:01:61,
B*35:453N,,B*51:01:01:62,
B*35:454,,B*51:01:01:63,
B*35:455,,B*51:01:01:64,
B*35:456N,,B*51:01:01:65,
B*35:457,,B*51:01:01:66,
B*35:458,,B*51:01:01:67,
B*35:459N,,B*51:01:01:68,
B*35:460Q,,B*51:01:01:69,
B*35:461N,,B*51:01:01:70,
B*35:462,,B*51:01:01:71,
B*35:463,,B*51:01:01:72,
B*35:464,,B*51:01:01:73,
B*35:465,,B*51:01:01:74,
B*35:466,,B*51:01:01:75,
B*35:467,,B*51:01:01:76,
B*35:468,,B*51:01:01:77,
B*35:469,,B*51:01:01:78,
B*35:470,,B*51:01:01:79,
B*35:471,,B*51:01:01:80,
B*35:472,,B*51:01:01:81,
B*35:473,,B*51:01:01:82,
B*35:474,,B*51:01:01:83,
B*35:475,,B*51:01:01:84,
B*35:476,,B*51:01:01:85,
B*35:477,,B*51:01:01:86,
B*35:478,,B*51:01:01:87,
B*35:479,,B*51:01:01:88,
B*35:480,,B*51:01:01:89,
B*35:481,,B*51:01:01:90,
B*35:482,,B*51:01:01:91,
B*35:483,,B*51:01:01:92,
B*35:484:01,,B*51:01:01:93,
B*35:484:02,,B*51:01:01:94,
B*35:485,,B*51:01:01:95,
B*35:486,,B*51:01:01:96,
B*35:488,,B*51:01:01:97Q,
B*35:489,,B*51:01:01:98,
B*35:490,,B*51:01:01:99,
B*35:491,,B*51:01:01:100,
B*35:492,,B*51:01:01:101,
B*35:493,,B*51:01:01:102,
B*35:495,,B*51:01:01:103,
B*35:496,,B*51:01:01:104,
B*35:497,,B*51:01:01:105,
B*35:498,,B*51:01:01:106,
B*35:500,,B*51:01:01:107,
B*35:501,,B*51:01:01:108,
B*35:502,,B*51:01:01:109,
B*35:503,,B*51:01:01:110,
B*35:504,,B*51:01:01:111,
B*35:505,,B*51:01:01:112,
B*35:506,,B*51:01:01:113,
B*35:507N,,B*51:01:01:114,
B*35:508N,,B*51:01:01:115,
B*35:509,,B*51:01:01:116,
B*35:510,,B*51:01:01:117,
B*35:511,,B*51:01:01:118,
B*35:512,,B*51:01:01:119,
B*35:513N,,B*51:01:01:120,
B*35:514,,B*51:01:01:121,
B*35:515,,B*51:01:01:122,
B*35:516,,B*51:01:01:123,
B*35:517,,B*51:01:02:01,
B*35:518,,B*51:01:02:02,
B*35:519,,B*51:01:03,
B*35:520,,B*51:01:04,
B*35:521,,B*51:01:05,
B*35:522,,B*51:01:06,
B*35:523,,B*51:01:07,
B*35:524,,B*51:01:08,
B*35:525,,B*51:01:09,
B*35:526,,B*51:01:10,
B*35:527,,B*51:01:11,
B*35:528,,B*51:01:12,
B*35:529,,B*51:01:13,
B*35:530,,B*51:01:14,
B*35:531,,B*51:01:15,
B*35:532,,B*51:01:16,
B*35:533,,B*51:01:17,
B*35:534,,B*51:01:18,
B*35:535,,B*51:01:19,
B*35:536,,B*51:01:20,
B*35:537,,B*51:01:21,
B*35:538,,B*51:01:22,
B*35:539,,B*51:01:23,
B*35:540,,B*51:01:24,
B*35:541,,B*51:01:25,
B*35:543,,B*51:01:26,
B*35:544,,B*51:01:27,
B*35:545,,B*51:01:28,
B*35:546,,B*51:01:29,
B*35:547,,B*51:01:30,
B*35:548,,B*51:01:31,
B*35:549,,B*51:01:32,
B*35:550,,B*51:01:34,
B*35:551N,,B*51:01:35,
B*35:552,,B*51:01:36,
B*35:553,,B*51:01:37,
B*35:554,,B*51:01:38,
B*35:555,,B*51:01:39,
B*35:556Q,,B*51:01:40,
B*35:558,,B*51:01:41,
B*35:559,,B*51:01:42,
B*35:560,,B*51:01:43,
B*35:561,,B*51:01:44,
B*35:562,,B*51:01:45,
B*35:563,,B*51:01:47,
B*35:564,,B*51:01:48,
B*35:565,,B*51:01:49,
B*35:566,,B*51:01:50,
B*35:567,,B*51:01:51,
B*35:568,,B*51:01:52,
B*35:569,,B*51:01:53,
B*35:570,,B*51:01:54,
B*35:571,,B*51:01:55,
B*35:572,,B*51:01:56,
B*35:573,,B*51:01:57,
B*35:574N,,B*51:01:58,
B*35:575,,B*51:01:59,
B*35:576,,B*51:01:60,
B*35:577,,B*51:01:61,
B*35:578,,B*51:01:63,
B*35:579,,B*51:01:64,
B*35:580,,B*51:01:65,
B*35:581,,B*51:01:66,
B*35:582,,B*51:01:67,
B*35:583,,B*51:01:68,
B*35:584,,B*51:01:69,
B*35:585,,B*51:01:70,
B*35:586,,B*51:01:71,
B*35:587,,B*51:01:72,
B*35:588,,B*51:01:73,
B*35:589,,B*51:01:74,
B*35:591,,B*51:01:75,
B*35:592,,B*51:01:76,
B*35:593,,B*51:01:77,
B*35:594,,B*51:01:78,
B*35:595,,B*51:01:79,
B*35:596,,B*51:01:80,
B*35:597N,,B*51:01:81,
B*35:598,,B*51:01:82,
B*35:599,,B*51:01:83,
B*35:600,,B*51:01:84,
B*35:601N,,B*51:01:85,
B*35:602,,B*51:01:86,
B*35:603,,B*51:01:87,
B*35:604,,B*51:01:88,
B*35:605,,B*51:01:89,
B*35:606,,B*51:01:90,
B*35:607,,B*51:01:91,
B*35:608,,B*51:01:92,
B*35:609N,,B*51:01:93,
B*35:610,,B*51:01:94,
B*35:611,,B*51:01:96,
B*35:612,,B*51:01:97,
B*35:613,,B*51:01:98,
B*35:614,,B*51:01:99,
B*35:615,,B*51:01:100,
B*35:616,,B*51:01:101,
B*35:617,,B*51:01:102,
B*35:618,,B*51:01:103,
B*35:619,,B*51:01:104,
B*35:620,,B*51:01:105,
B*35:621,,B*51:01:106,
B*37:22:03,,B*51:01:108,
B*38:28,,B*51:01:109,
B*39:135,,B*51:01:110,
B*40:10:01:01,,B*51:01:111,
B*40:10:01:02,,B*51:02:01:01,
B*40:10:02,,B*51:02:01:02,
B*40:21,,B*51:02:01:03,
B*40:137,,B*51:02:01:04,
B*40:248,,B*51:02:02,
B*40:282,,B*51:02:03,
B*40:325,,B*51:02:04,
B*40:351,,B*51:02:05,
B*40:364,,B*51:02:06,
B*40:365,,B*51:02:07,
B*40:457,,B*51:03,
B*40:526,,B*51:04:01,
B*41:12,,B*51:04:02,
B*41:36,,B*51:05:01:01,
B*42:21,,B*51:05:01:02,
B*42:27,,B*51:05:01:03,
B*44:34:02,,B*51:06:01:01,
B*44:83,,B*51:06:01:02,
B*44:225,,B*51:06:01:03,
B*44:245:01,,B*51:06:02,
B*44:245:02,,B*51:06:03,
B*44:269,,B*51:06:04,
B*46:01:01:01,,B*51:07:01,
B*46:01:01:02,,B*51:07:02,
B*46:01:01:03,,B*51:08:01:01,
B*46:01:01:04,,B*51:08:01:02,
B*46:01:01:05,,B*51:08:01:03,
B*46:01:01:06,,B*51:08:01:04,
B*46:01:01:07,,B*51:08:01:05,
B*46:01:01:08,,B*51:08:01:06,
B*46:01:01:09,,B*51:08:02,
B*46:01:01:10,,B*51:08:03,
B*46:01:02,,B*51:08:04,
B*46:01:03,,B*51:08:05,
B*46:01:04,,B*51:08:06,
B*46:01:05,,B*51:09:01,
B*46:01:06,,B*51:09:02,
B*46:01:07,,B*51:09:03,
B*46:01:08,,B*51:10,
B*46:01:09,,B*51:11N,
B*46:01:10,,B*51:12,
B*46:01:11,,B*51:13:01,
B*46:01:12,,B*51:13:02,
B*46:01:13,,B*51:14,
B*46:01:14,,B*51:15,
B*46:01:15,,B*51:16,
B*46:01:16,,B*51:17,
B*46:01:17,,B*51:18,
B*46:01:18,,B*51:19,
B*46:01:19,,B*51:20,
B*46:01:20,,B*51:21,
B*46:01:21,,B*51:22,
B*46:01:22,,B*51:23,
B*46:01:23,,B*51:24:01,
B*46:01:24,,B*51:24:02,
B*46:01:25,,B*51:24:03,
B*46:01:26,,B*51:24:04,
B*46:01:27,,B*51:24:05,
B*46:01:28,,B*51:27N,
B*46:01:29,,B*51:28,
B*46:01:30,,B*51:29,
B*46:01:31,,B*51:30,
B*46:01:32,,B*51:31,
B*46:01:33,,B*51:32,
B*46:01:34,,B*51:33,
B*46:01:35,,B*51:34,
B*46:01:36,,B*51:35,
B*46:01:37,,B*51:36,
B*46:01:38,,B*51:37,
B*46:01:39,,B*51:38,
B*46:01:40,,B*51:39:01,
B*46:01:41,,B*51:39:02,
B*46:01:42,,B*51:40:01,
B*46:01:43,,B*51:40:02,
B*46:02,,B*51:41N,
B*46:03,,B*51:42,
B*46:04,,B*51:43,
B*46:05,,B*51:44N,
B*46:06,,B*51:45,
B*46:07N,,B*51:46,
B*46:08,,B*51:48,
B*46:09,,B*51:49,
B*46:11,,B*51:50,
B*46:12,,B*51:51,
B*46:13:01,,B*51:52,
B*46:13:02,,B*51:53,
B*46:13:03,,B*51:54,
B*46:14,,B*51:55,
B*46:15N,,B*51:56:01,
B*46:16,,B*51:56:02,
B*46:17,,B*51:56:03,
B*46:18,,B*51:57,
B*46:19,,B*51:58,
B*46:20,,B*51:59,
B*46:21:01,,B*51:60,
B*46:21:02,,B*51:61:01,
B*46:22,,B*51:61:02,
B*46:23,,B*51:62,
B*46:24,,B*51:63:01,
B*46:25,,B*51:63:02,
B*46:26,,B*51:64,
B*46:27,,B*51:65,
B*46:28,,B*51:66,
B*46:29,,B*51:68,
B*46:30,,B*51:69,
B*46:31,,B*51:70,
B*46:32:01,,B*51:71,
B*46:32:02,,B*51:72,
B*46:33,,B*51:73,
B*46:34,,B*51:74,
B*46:35,,B*51:75,
B*46:36,,B*51:76,
B*46:37,,B*51:77,
B*46:38,,B*51:78:01,
B*46:39,,B*51:78:02,
B*46:40:02,,B*51:79,
B*46:41N,,B*51:80,
B*46:42,,B*51:81,
B*46:43,,B*51:82,
B*46:44,,B*51:83,
B*46:45,,B*51:84,
B*46:47,,B*51:85,
B*46:48,,B*51:86,
B*46:49,,B*51:87,
B*46:50,,B*51:88,
B*46:51Q,,B*51:89:01,
B*46:52,,B*51:89:02,
B*46:53,,B*51:90,
B*46:54,,B*51:91,
B*46:55N,,B*51:92:01,
B*46:56,,B*51:92:02,
B*46:57,,B*51:93,
B*46:58,,B*51:94,
B*46:59,,B*51:95,
B*46:60,,B*51:96,
B*46:61,,B*51:97,
B*46:62,,B*51:98N,
B*46:63,,B*51:99,
B*46:64,,B*51:100,
B*46:65,,B*51:101,
B*46:66,,B*51:102,
B*46:67,,B*51:103,
B*46:68,,B*51:105,
B*46:69,,B*51:106:01,
B*46:70,,B*51:106:02,
B*46:71,,B*51:107,
B*46:72,,B*51:108,
B*46:73,,B*51:109,
B*46:74,,B*51:110N,
B*46:75,,B*51:111,
B*46:76,,B*51:114,
B*46:78,,B*51:115,
B*46:79N,,B*51:116,
B*46:80,,B*51:117,
B*46:81,,B*51:118N,
B*46:82,,B*51:119,
B*46:83,,B*51:120,
B*46:84,,B*51:121,
B*46:85,,B*51:122,
B*46:86,,B*51:123,
B*46:87,,B*51:124,
B*46:88,,B*51:125,
B*46:89,,B*51:126,
B*46:90,,B*51:127,
B*46:91,,B*51:128,
B*46:92,,B*51:129,
B*46:93,,B*51:130,
B*46:94,,B*51:131,
B*46:95N,,B*51:132,
B*46:96,,B*51:133,
B*46:97,,B*51:134,
B*46:98N,,B*51:135,
B*46:99,,B*51:136,
B*46:100,,B*51:137,
B*46:101,,B*51:138,
B*46:102,,B*51:139,
B*49:48,,B*51:140,
B*50:26,,B*51:141,
B*51:01:02:01,,B*51:142,
B*51:01:02:02,,B*51:143,
B*51:01:09,,B*51:144,
B*51:02:02,,B*51:145,
B*51:05:01:01,,B*51:146,
B*51:05:01:02,,B*51:148,
B*51:05:01:03,,B*51:149N,
B*51:06:04,,B*51:150,
B*51:07:02,,B*51:151,
B*51:08:06,,B*51:152,
B*51:09:02,,B*51:153:01,
B*51:15,,B*51:153:02,
B*51:54,,B*51:154,
B*51:78:02,,B*51:155,
B*51:93,,B*51:156,
B*51:132,,B*51:157,
B*51:144,,B*51:158:01,
B*51:148,,B*51:158:02,
B*51:180,,B*51:159,
B*51:237:02,,B*51:160,
B*51:237:03,,B*51:161,
B*51:337,,B*51:162:01,
B*52:01:01:01,,B*51:162:02,
B*52:01:01:02,,B*51:163,
B*52:01:01:03,,B*51:164,
B*52:01:01:04,,B*51:165,
B*52:01:01:05,,B*51:166,
B*52:01:01:06,,B*51:167,
B*52:01:01:07,,B*51:168,
B*52:01:01:08,,B*51:169,
B*52:01:01:09,,B*51:170,
B*52:01:01:10,,B*51:171,
B*52:01:01:11,,B*51:172,
B*52:01:01:12,,B*51:173Q,
B*52:01:01:13,,B*51:174:01,
B*52:01:01:14,,B*51:174:02,
B*52:01:01:15,,B*51:175,
B*52:01:01:16,,B*51:176,
B*52:01:01:17,,B*51:177,
B*52:01:01:18,,B*51:178N,
B*52:01:01:19,,B*51:179,
B*52:01:01:20,,B*51:180,
B*52:01:01:21,,B*51:181,
B*52:01:01:22,,B*51:182,
B*52:01:01:23,,B*51:183,
B*52:01:01:24,,B*51:184N,
B*52:01:01:25,,B*51:185,
B*52:01:01:26,,B*51:186,
B*52:01:01:27,,B*51:187,
B*52:01:03,,B*51:188,
B*52:01:05,,B*51:189,
B*52:01:06,,B*51:190,
B*52:01:07,,B*51:191,
B*52:01:08,,B*51:192,
B*52:01:10,,B*51:193:01,
B*52:01:11,,B*51:193:02,
B*52:01:12,,B*51:194,
B*52:01:13,,B*51:195,
B*52:01:14,,B*51:196,
B*52:01:15,,B*51:197,
B*52:01:16,,B*51:198,
B*52:01:17,,B*51:199,
B*52:01:18,,B*51:200,
B*52:01:19,,B*51:201,
B*52:01:20,,B*51:202,
B*52:01:21,,B*51:203,
B*52:01:23,,B*51:204:01,
B*52:01:24,,B*51:204:02,
B*52:01:25,,B*51:205,
B*52:01:26,,B*51:206,
B*52:01:27,,B*51:207,
B*52:01:28,,B*51:208,
B*52:01:29,,B*51:209,
B*52:01:30,,B*51:210,
B*52:01:31,,B*51:211,
B*52:01:32,,B*51:212,
B*52:01:33,,B*51:213,
B*52:01:34,,B*51:214,
B*52:01:36,,B*51:215,
B*52:01:37,,B*51:216,
B*52:01:38,,B*51:217,
B*52:01:39,,B*51:218,
B*52:01:41,,B*51:219,
B*52:01:42,,B*51:220,
B*52:01:44,,B*51:221,
B*52:01:45,,B*51:222,
B*52:01:46,,B*51:223,
B*52:01:48,,B*51:224,
B*52:01:50,,B*51:225,
B*52:01:51,,B*51:226,
B*52:01:52,,B*51:227,
B*52:01:53,,B*51:228,
B*52:01:54,,B*51:229,
B*52:01:55,,B*51:230:01:01,
B*52:01:57,,B*51:230:01:02,
B*52:01:58,,B*51:230:01:03,
B*52:02:02,,B*51:230:01:04,
B*52:04,,B*51:231,
B*52:06:03,,B*51:232:01,
B*52:07:01,,B*51:232:02,
B*52:07:02,,B*51:233,
B*52:08,,B*51:234,
B*52:09:02,,B*51:235N,
B*52:10:01,,B*51:236,
B*52:10:02,,B*51:237:01,
B*52:11:01,,B*51:237:02,
B*52:12,,B*51:237:03,
B*52:13,,B*51:238,
B*52:14:01,,B*51:239,
B*52:14:02,,B*51:240,
B*52:15,,B*51:241,
B*52:18,,B*51:242,
B*52:19,,B*51:243,
B*52:20,,B*51:244,
B*52:21:02,,B*51:245N,
B*52:22,,B*51:246,
B*52:23,,B*51:247,
B*52:24,,B*51:248,
B*52:25:01,,B*51:249,
B*52:25:02,,B*51:250,
B*52:26,,B*51:251,
B*52:28,,B*51:252,
B*52:29,,B*51:253,
B*52:30,,B*51:254,
B*52:31:01,,B*51:255,
B*52:32,,B*51:256N,
B*52:33,,B*51:257,
B*52:34,,B*51:258,
B*52:35,,B*51:259,
B*52:36,,B*51:260,
B*52:37,,B*51:261,
B*52:38,,B*51:262,
B*52:39,,B*51:263,
B*52:40,,B*51:264N,
B*52:41,,B*51:265,
B*52:42,,B*51:268,
B*52:43,,B*51:269,
B*52:44,,B*51:270,
B*52:45,,B*51:271,
B*52:46,,B*51:272,
B*52:47,,B*51:273N,
B*52:48,,B*51:274,
B*52:49N,,B*51:275,
B*52:50,,B*51:276,
B*52:51,,B*51:277,
B*52:52,,B*51:278,
B*52:53,,B*51:279,
B*52:54,,B*51:280,
B*52:55,,B*51:281,
B*52:56,,B*51:282,
B*52:57,,B*51:283,
B*52:58,,B*51:285,
B*52:59,,B*51:286,
B*52:60,,B*51:287N,
B*52:61,,B*51:288,
B*52:62,,B*51:289,
B*52:63,,B*51:290,
B*52:64,,B*51:291,
B*52:65,,B*51:292,
B*52:66,,B*51:293,
B*52:67,,B*51:294,
B*52:68,,B*51:295,
B*52:69,,B*51:296,
B*52:70,,B*51:297,
B*52:71,,B*51:298,
B*52:72,,B*51:299,
B*52:73,,B*51:300,
B*52:74,,B*51:301,
B*52:75,,B*51:302,
B*52:78,,B*51:303,
B*52:79,,B*51:304,
B*52:80,,B*51:305,
B*52:81,,B*51:306N,
B*52:82,,B*51:307,
B*52:84,,B*51:308,
B*52:86,,B*51:309,
B*52:87,,B*51:310,
B*52:88,,B*51:311,
B*52:89N,,B*51:312,
B*52:90,,B*51:313N,
B*52:91,,B*51:314,
B*52:92,,B*51:315,
B*52:93,,B*51:316,
B*52:94N,,B*51:317,
B*52:95,,B*51:318N,
B*52:96N,,B*51:319,
B*52:98,,B*51:320,
B*52:99,,B*51:321,
B*52:100,,B*51:322,
B*52:101,,B*51:323,
B*52:103N,,B*51:324,
B*52:105,,B*51:325N,
B*52:106,,B*51:326,
B*52:107,,B*51:327,
B*52:108,,B*51:328,
B*52:109,,B*51:329Q,
B*52:110N,,B*51:330,
B*52:111,,B*51:331,
B*52:113,,B*51:332,
B*52:114,,B*51:333,
B*52:115N,,B*51:334,
B*52:116,,B*51:335,
B*52:117,,B*51:336,
B*52:118,,B*51:337,
B*52:119,,B*51:338,
B*52:120N,,B*51:339,
B*52:121,,B*51:340,
B*52:122,,B*51:341,
B*52:123,,B*51:342,
B*52:124N,,B*51:343,
B*52:125,,B*51:344N,
B*52:126,,B*51:345,
B*53:01:01:01,,B*51:346Q,
B*53:01:01:02,,B*51:347,
B*53:01:01:03,,B*51:348,
B*53:01:01:04,,B*51:349,
B*53:01:01:05,,B*51:350,
B*53:01:01:06,,B*51:351,
B*53:01:01:07,,B*51:352,
B*53:01:01:08,,B*51:353,
B*53:01:01:09,,B*51:354,
B*53:01:01:10,,B*51:355,
B*53:01:01:11,,B*51:356,
B*53:01:01:12,,B*51:357N,
B*53:01:01:13,,B*51:358,
B*53:01:01:14,,B*51:359,
B*53:01:01:15,,B*51:360,
B*53:01:02,,B*51:361N,
B*53:01:03,,B*51:362,
B*53:01:04,,B*51:363,
B*53:01:05,,B*51:364,
B*53:01:06,,B*51:365N,
B*53:01:07,,B*51:366,
B*53:01:08,,B*51:367,
B*53:01:09,,B*51:368,
B*53:01:10,,B*51:369,
B*53:01:11,,B*51:370,
B*53:01:12,,B*51:371,
B*53:01:14,,B*51:372,
B*53:01:15,,B*51:373,
B*53:01:16,,B*51:374,
B*53:01:17,,B*51:375,
B*53:01:18,,B*51:376,
B*53:01:19,,B*51:377N,
B*53:01:20,,B*51:378,
B*53:01:21,,B*51:379,
B*53:01:22,,B*51:380,
B*53:01:23,,B*51:381,
B*53:01:24,,B*51:382,
B*53:01:25,,B*51:383,
B*53:01:26,,B*51:384,
B*53:01:27,,B*51:385,
B*53:01:28,,B*51:387N,
B*53:01:29,,B*51:388,
B*53:01:30,,B*51:389,
B*53:01:31,,B*51:390,
B*53:01:32,,B*51:391N,
B*53:02,,B*51:392,
B*53:03,,B*51:393Q,
B*53:04,,B*51:394Q,
B*53:05:01,,B*51:395,
B*53:05:02,,B*51:396,
B*53:07,,B*51:397,
B*53:08:01,,B*51:398,
B*53:08:02,,B*51:399,
B*53:09,,B*51:400,
B*53:10,,B*51:401,
B*53:11,,B*51:402,
B*53:12,,B*51:403,
B*53:13,,B*51:404,
B*53:14,,B*51:405,
B*53:15,,B*51:406,
B*53:16,,B*51:407,
B*53:17:01,,B*51:409N,
B*53:17:02,,B*51:410,
B*53:18,,B*51:411,
B*53:19,,B*51:412,
B*53:20,,B*51:413,
B*53:21,,B*51:414,
B*53:22,,B*51:415N,
B*53:23,,B*51:416,
B*53:24,,B*52:01:01:01,
B*53:25,,B*52:01:01:02,
B*53:26,,B*52:01:01:03,
B*53:27,,B*52:01:01:04,
B*53:28,,B*52:01:01:05,
B*53:29,,B*52:01:01:06,
B*53:30,,B*52:01:01:07,
B*53:31,,B*52:01:01:08,
B*53:32,,B*52:01:01:09,
B*53:33,,B*52:01:01:10,
B*53:34,,B*52:01:01:11,
B*53:35,,B*52:01:01:12,
B*53:36,,B*52:01:01:13,
B*53:37,,B*52:01:01:14,
B*53:38,,B*52:01:01:15,
B*53:39,,B*52:01:01:16,
B*53:40,,B*52:01:01:17,
B*53:41,,B*52:01:01:18,
B*53:42,,B*52:01:01:19,
B*53:44,,B*52:01:01:20,
B*53:45,,B*52:01:01:21,
B*53:47,,B*52:01:01:22,
B*53:48N,,B*52:01:01:23,
B*53:49,,B*52:01:01:24,
B*53:50,,B*52:01:01:25,
B*53:51,,B*52:01:01:26,
B*53:52,,B*52:01:01:27,
B*53:53,,B*52:01:02:01,
B*53:54,,B*52:01:02:02,
B*53:55,,B*52:01:02:03,
B*53:56,,B*52:01:02:04,
B*53:57,,B*52:01:02:05,
B*53:58,,B*52:01:02:06,
B*53:59,,B*52:01:02:07,
B*53:60,,B*52:01:02:08,
B*53:61,,B*52:01:02:09,
B*53:62,,B*52:01:04,
B*53:63,,B*52:01:05,
B*53:64,,B*52:01:06,
B*53:65,,B*52:01:07,
B*53:66,,B*52:01:08,
B*53:67,,B*52:01:09,
B*53:68,,B*52:01:10,
B*53:69,,B*52:01:11,
B*53:70,,B*52:01:12,
B*53:71,,B*52:01:13,
B*53:72,,B*52:01:14,
B*53:73,,B*52:01:15,
B*53:74,,B*52:01:17,
B*53:75,,B*52:01:18,
B*53:76,,B*52:01:19,
B*53:77,,B*52:01:20,
B*53:78,,B*52:01:21,
B*53:79,,B*52:01:22,
B*53:80N,,B*52:01:23,
B*54:01:01:01,,B*52:01:24,
B*54:01:01:02,,B*52:01:25,
B*54:01:01:03,,B*52:01:26,
B*54:01:01:04,,B*52:01:27,
B*54:01:01:05,,B*52:01:28,
B*54:01:01:06,,B*52:01:29,
B*54:01:01:07,,B*52:01:30,
B*54:01:01:08,,B*52:01:31,
B*54:01:02,,B*52:01:32,
B*54:01:03,,B*52:01:33,
B*54:01:04,,B*52:01:35,
B*54:01:05,,B*52:01:36,
B*54:01:06,,B*52:01:37,
B*54:01:07,,B*52:01:38,
B*54:01:08,,B*52:01:39,
B*54:01:09,,B*52:01:40,
B*54:01:10,,B*52:01:41,
B*54:01:11,,B*52:01:42,
B*54:01:12,,B*52:01:43,
B*54:01:13,,B*52:01:44,
B*54:02,,B*52:01:45,
B*54:03,,B*52:01:47,
B*54:04,,B*52:01:48,
B*54:05N,,B*52:01:49,
B*54:06,,B*52:01:50,
B*54:07,,B*52:01:51,
B*54:08N,,B*52:01:52,
B*54:09,,B*52:01:53,
B*54:10,,B*52:01:54,
B*54:11,,B*52:01:55,
B*54:12,,B*52:01:57,
B*54:14,,B*52:01:58,
B*54:15,,B*52:03,
B*54:16,,B*52:05,
B*54:17,,B*52:06:02,
B*54:18,,B*52:06:03,
B*54:19,,B*52:07:01,
B*54:20,,B*52:07:02,
B*54:22,,B*52:08,
B*54:23,,B*52:09:01,
B*54:24,,B*52:09:02,
B*54:25,,B*52:10:01,
B*54:26,,B*52:10:02,
B*54:27,,B*52:10:03,
B*54:28,,B*52:11:01,
B*54:29,,B*52:11:02,
B*54:30,,B*52:12,
B*54:31,,B*52:13,
B*54:32,,B*52:14:01,
B*54:33,,B*52:14:02,
B*54:34,,B*52:15,
B*54:35,,B*52:17,
B*54:36,,B*52:18,
B*54:37,,B*52:19,
B*54:38,,B*52:20,
B*54:39,,B*52:21:01,
B*54:40,,B*52:21:02,
B*54:41,,B*52:22,
B*54:42,,B*52:23,
B*54:43,,B*52:24,
B*54:44,,B*52:25:01,
B*54:45,,B*52:25:02,
B*54:46,,B*52:26,
B*54:47,,B*52:27,
B*54:48,,B*52:28,
B*54:49N,,B*52:29,
B*54:50,,B*52:30,
B*55:01:01:01,,B*52:31:01,
B*55:01:01:02,,B*52:31:02,
B*55:01:01:03,,B*52:33,
B*55:01:01:04,,B*52:34,
B*55:01:01:05,,B*52:35,
B*55:01:01:06,,B*52:36,
B*55:01:01:07,,B*52:37,
B*55:01:01:08,,B*52:38,
B*55:01:01:09,,B*52:39,
B*55:01:01:10,,B*52:40,
B*55:01:01:11,,B*52:41,
B*55:01:01:12,,B*52:42,
B*55:01:01:13,,B*52:43,
B*55:01:01:14,,B*52:44,
B*55:01:01:15,,B*52:45,
B*55:01:01:16,,B*52:46,
B*55:01:01:17,,B*52:47,
B*55:01:01:18,,B*52:48,
B*55:01:01:19,,B*52:49N,
B*55:01:01:20,,B*52:50,
B*55:01:01:21,,B*52:51,
B*55:01:01:22,,B*52:52,
B*55:01:01:23,,B*52:53,
B*55:01:01:24,,B*52:54,
B*55:01:02,,B*52:55,
B*55:01:03,,B*52:56,
B*55:01:04,,B*52:57,
B*55:01:05,,B*52:58,
B*55:01:06,,B*52:59,
B*55:01:07,,B*52:60,
B*55:01:08,,B*52:61,
B*55:01:09,,B*52:62,
B*55:01:10,,B*52:63,
B*55:01:11,,B*52:64,
B*55:01:12,,B*52:65,
B*55:01:13,,B*52:66,
B*55:01:14,,B*52:67,
B*55:01:15,,B*52:68,
B*55:01:17,,B*52:69,
B*55:01:18,,B*52:70,
B*55:01:19,,B*52:71,
B*55:01:20,,B*52:72,
B*55:01:21,,B*52:73,
B*55:01:22,,B*52:74,
B*55:01:23,,B*52:75,
B*55:01:24,,B*52:76,
B*55:01:25,,B*52:77,
B*55:01:26,,B*52:78,
B*55:01:27,,B*52:79,
B*55:01:28,,B*52:80,
B*55:01:29,,B*52:81,
B*55:01:30,,B*52:82,
B*55:01:31,,B*52:83,
B*55:02:01:01,,B*52:84,
B*55:02:01:02,,B*52:85,
B*55:02:01:03,,B*52:86,
B*55:02:01:04,,B*52:87,
B*55:02:01:05,,B*52:88,
B*55:02:01:06,,B*52:89N,
B*55:02:01:07,,B*52:90,
B*55:02:01:08,,B*52:91,
B*55:02:01:09,,B*52:92,
B*55:02:03,,B*52:93,
B*55:02:04,,B*52:94N,
B*55:02:05,,B*52:95,
B*55:02:06,,B*52:96N,
B*55:02:07,,B*52:97,
B*55:02:08,,B*52:98,
B*55:02:09,,B*52:99,
B*55:02:10,,B*52:100,
B*55:02:11,,B*52:101,
B*55:02:12,,B*52:102,
B*55:02:13,,B*52:103N,
B*55:02:14,,B*52:104,
B*55:02:15,,B*52:105,
B*55:02:16,,B*52:106,
B*55:03,,B*52:107,
B*55:04,,B*52:108,
B*55:05,,B*52:109,
B*55:07,,B*52:110N,
B*55:08,,B*52:111,
B*55:09,,B*52:112,
B*55:11,,B*52:113,
B*55:12,,B*52:114,
B*55:13,,B*52:115N,
B*55:14,,B*52:116,
B*55:15,,B*52:117,
B*55:16,,B*52:118,
B*55:17,,B*52:119,
B*55:18,,B*52:120N,
B*55:19,,B*52:121,
B*55:20,,B*52:122,
B*55:21,,B*52:123,
B*55:22,,B*52:124N,
B*55:23,,B*52:125,
B*55:24,,B*52:126,
B*55:25,,B*52:127,
B*55:26,,B*53:01:01:01,
B*55:27,,B*53:01:01:02,
B*55:28:01,,B*53:01:01:03,
B*55:28:02,,B*53:01:01:04,
B*55:29,,B*53:01:01:05,
B*55:31,,B*53:01:01:06,
B*55:32,,B*53:01:01:07,
B*55:33,,B*53:01:01:08,
B*55:34,,B*53:01:01:09,
B*55:35,,B*53:01:01:10,
B*55:37,,B*53:01:01:11,
B*55:38,,B*53:01:01:12,
B*55:39,,B*53:01:01:13,
B*55:40,,B*53:01:01:14,
B*55:41,,B*53:01:01:15,
B*55:42,,B*53:01:03,
B*55:43,,B*53:01:04,
B*55:44,,B*53:01:05,
B*55:45,,B*53:01:06,
B*55:46,,B*53:01:07,
B*55:47,,B*53:01:08,
B*55:48,,B*53:01:09,
B*55:49,,B*53:01:10,
B*55:50,,B*53:01:11,
B*55:51,,B*53:01:12,
B*55:52,,B*53:01:13,
B*55:53,,B*53:01:14,
B*55:54,,B*53:01:15,
B*55:55N,,B*53:01:16,
B*55:56,,B*53:01:17,
B*55:57,,B*53:01:18,
B*55:58,,B*53:01:19,
B*55:59,,B*53:01:20,
B*55:60,,B*53:01:21,
B*55:61,,B*53:01:22,
B*55:62,,B*53:01:23,
B*55:63,,B*53:01:24,
B*55:64,,B*53:01:25,
B*55:65,,B*53:01:26,
B*55:66,,B*53:01:27,
B*55:67,,B*53:01:28,
B*55:68,,B*53:01:29,
B*55:69,,B*53:01:30,
B*55:70,,B*53:01:31,
B*55:71,,B*53:01:32,
B*55:72,,B*53:02,
B*55:73,,B*53:03,
B*55:74,,B*53:04,
B*55:75,,B*53:05:01,
B*55:76,,B*53:05:02,
B*55:77,,B*53:06,
B*55:78,,B*53:07,
B*55:79,,B*53:08:01,
B*55:80,,B*53:08:02,
B*55:81,,B*53:09,
B*55:82,,B*53:10,
B*55:83N,,B*53:11,
B*55:84,,B*53:12,
B*55:85,,B*53:13,
B*55:86,,B*53:14,
B*55:87,,B*53:15,
B*55:88,,B*53:16,
B*55:89N,,B*53:17:01,
B*55:90,,B*53:17:02,
B*55:91,,B*53:18,
B*55:92,,B*53:19,
B*55:93,,B*53:20,
B*55:94,,B*53:21,
B*55:95,,B*53:22,
B*55:96,,B*53:23,
B*55:97N,,B*53:24,
B*55:98,,B*53:25,
B*55:99,,B*53:26,
B*55:100,,B*53:27,
B*55:101,,B*53:28,
B*55:102,,B*53:29,
B*55:103,,B*53:31,
B*55:104,,B*53:32,
B*55:106,,B*53:33,
B*55:107,,B*53:34,
B*55:108,,B*53:35,
B*55:109,,B*53:36,
B*55:110,,B*53:37,
B*55:111,,B*53:38,
B*55:112,,B*53:40,
B*55:113,,B*53:41,
B*55:114,,B*53:42,
B*55:115,,B*53:43:01,
B*55:116:01,,B*53:43:02,
B*55:116:02,,B*53:44,
B*55:117N,,B*53:45,
B*55:118N,,B*53:46,
B*55:119,,B*53:47,
B*55:120,,B*53:48N,
B*55:121,,B*53:49,
B*55:122,,B*53:50,
B*55:123,,B*53:51,
B*55:124,,B*53:52,
B*55:125N,,B*53:53,
B*55:126,,B*53:54,
B*55:127,,B*53:55,
B*55:128,,B*53:56,
B*55:129,,B*53:57,
B*55:130,,B*53:58,
B*55:131,,B*53:59,
B*55:132N,,B*53:60,
B*55:133,,B*53:62,
B*55:135,,B*53:63,
B*55:136,,B*53:64,
B*55:137,,B*53:65,
B*55:138,,B*53:66,
B*55:139,,B*53:67,
B*55:140,,B*53:68,
B*55:141,,B*53:69,
B*56:01:01:01,,B*53:70,
B*56:01:01:02,,B*53:71,
B*56:01:01:03,,B*53:72,
B*56:01:01:04,,B*53:73,
B*56:01:01:05S,,B*53:74,
B*56:01:01:06,,B*53:75,
B*56:01:01:07,,B*53:76,
B*56:01:01:08,,B*53:77,
B*56:01:01:09,,B*53:78,
B*56:01:01:10,,B*53:79,
B*56:01:01:11,,B*53:80N,
B*56:01:01:12,,B*55:130,
B*56:01:01:13,,B*56:06,
B*56:01:01:14,,B*56:45,
B*56:01:01:15,,B*57:120,
B*56:01:01:16,,B*58:01:01:01,
B*56:01:01:17,,B*58:01:01:02,
B*56:01:01:18,,B*58:01:01:03,
B*56:01:01:19,,B*58:01:01:04,
B*56:01:01:20,,B*58:01:01:05,
B*56:01:02,,B*58:01:01:06,
B*56:01:03,,B*58:01:01:07,
B*56:01:04,,B*58:01:01:08,
B*56:01:05,,B*58:01:01:09,
B*56:01:06,,B*58:01:01:10,
B*56:01:07,,B*58:01:01:11,
B*56:01:08,,B*58:01:01:12,
B*56:01:09,,B*58:01:01:13,
B*56:01:10,,B*58:01:01:14,
B*56:01:11,,B*58:01:01:15,
B*56:01:12,,B*58:01:01:16,
B*56:01:13,,B*58:01:01:17,
B*56:01:14,,B*58:01:01:18,
B*56:01:15,,B*58:01:01:19,
B*56:01:16,,B*58:01:01:20,
B*56:01:17,,B*58:01:02,
B*56:01:18,,B*58:01:03,
B*56:02:01:01,,B*58:01:04,
B*56:02:01:02,,B*58:01:05,
B*56:02:02,,B*58:01:06,
B*56:02:03,,B*58:01:07,
B*56:03,,B*58:01:08,
B*56:04:01:01,,B*58:01:09,
B*56:04:01:02,,B*58:01:10,
B*56:04:01:03,,B*58:01:11,
B*56:04:02,,B*58:01:12,
B*56:04:03,,B*58:01:13,
B*56:04:04,,B*58:01:15,
B*56:04:05,,B*58:01:16,
B*56:07,,B*58:01:17,
B*56:08,,B*58:01:18,
B*56:09,,B*58:01:19,
B*56:10,,B*58:01:20,
B*56:11,,B*58:01:21,
B*56:12,,B*58:01:22,
B*56:13,,B*58:01:23,
B*56:14,,B*58:01:24,
B*56:15,,B*58:01:25,
B*56:17,,B*58:01:26,
B*56:18,,B*58:01:27,
B*56:19N,,B*58:01:28,
B*56:20:01,,B*58:01:29,
B*56:20:02,,B*58:01:30,
B*56:21,,B*58:01:31,
B*56:22,,B*58:01:32,
B*56:23,,B*58:01:33,
B*56:24,,B*58:01:34,
B*56:25,,B*58:01:35,
B*56:26,,B*58:01:36,
B*56:27,,B*58:01:38,
B*56:28N,,B*58:01:39,
B*56:29,,B*58:01:40,
B*56:30,,B*58:01:41,
B*56:31,,B*58:01:42,
B*56:32,,B*58:01:43,
B*56:33,,B*58:01:44,
B*56:34,,B*58:01:45,
B*56:35,,B*58:01:46,
B*56:37,,B*58:01:47,
B*56:38N,,B*58:01:48,
B*56:39,,B*58:01:49,
B*56:40,,B*58:02:01:01,
B*56:41,,B*58:02:01:02,
B*56:42,,B*58:02:01:03,
B*56:43,,B*58:02:02,
B*56:44,,B*58:02:03,
B*56:45,,B*58:02:04,
B*56:46,,B*58:04,
B*56:47,,B*58:05,
B*56:48,,B*58:06,
B*56:49,,B*58:07,
B*56:50,,B*58:08:01,
B*56:51,,B*58:08:02,
B*56:52,,B*58:09,
B*56:53,,B*58:10N,
B*56:54,,B*58:11,
B*56:55:01:02,,B*58:12,
B*56:56,,B*58:13,
B*56:57,,B*58:14,
B*56:58,,B*58:15,
B*56:59,,B*58:16:01,
B*56:60,,B*58:16:02,
B*56:61,,B*58:17N,
B*56:62,,B*58:18,
B*56:63,,B*58:19,
B*56:64,,B*58:20,
B*56:65,,B*58:21,
B*56:66,,B*58:22,
B*56:67,,B*58:23,
B*56:68,,B*58:24,
B*56:69,,B*58:25,
B*56:70,,B*58:26,
B*56:71,,B*58:27,
B*56:72,,B*58:28:01,
B*56:73,,B*58:28:02,
B*56:74,,B*58:29,
B*56:75,,B*58:31N,
B*56:76,,B*58:32,
B*56:77N,,B*58:33,
B*56:78,,B*58:34,
B*56:79,,B*58:35,
B*56:80,,B*58:37,
B*56:81,,B*58:38,
B*56:82,,B*58:40,
B*56:83,,B*58:41,
B*56:84,,B*58:42,
B*56:85:01,,B*58:43,
B*56:85:02,,B*58:45:01,
B*56:86,,B*58:45:02,
B*56:87,,B*58:46,
B*56:88,,B*58:47,
B*56:89,,B*58:48,
B*56:90,,B*58:49,
B*56:91,,B*58:50,
B*56:92,,B*58:51,
B*56:93,,B*58:52,
B*56:94,,B*58:53,
B*56:95,,B*58:55,
B*56:96,,B*58:56,
B*56:97,,B*58:57,
B*56:98,,B*58:58,
B*56:99,,B*58:59:01,
B*56:100,,B*58:59:02,
B*56:101,,B*58:60,
B*57:01:01:01,,B*58:61,
B*57:01:01:02,,B*58:62,
B*57:01:01:03,,B*58:63,
B*57:01:01:04,,B*58:64,
B*57:01:01:05,,B*58:65,
B*57:01:01:06,,B*58:66,
B*57:01:01:07,,B*58:67,
B*57:01:01:08,,B*58:68,
B*57:01:01:09,,B*58:69,
B*57:01:01:10,,B*58:70,
B*57:01:01:11,,B*58:71,
B*57:01:01:12,,B*58:72N,
B*57:01:01:13,,B*58:73,
B*57:01:01:14,,B*58:74,
B*57:01:01:15,,B*58:75:01,
B*57:01:01:16,,B*58:75:02,
B*57:01:01:17,,B*58:76,
B*57:01:01:18,,B*58:77,
B*57:01:01:19,,B*58:78,
B*57:01:01:20,,B*58:79,
B*57:01:01:21,,B*58:80,
B*57:01:01:22,,B*58:81,
B*57:01:01:23,,B*58:82,
B*57:01:01:24,,B*58:83,
B*57:01:01:25,,B*58:84,
B*57:01:01:26,,B*58:86,
B*57:01:01:27,,B*58:87,
B*57:01:01:28,,B*58:88,
B*57:01:01:29,,B*58:89,
B*57:01:01:30,,B*58:90,
B*57:01:01:31,,B*58:91,
B*57:01:02,,B*58:92,
B*57:01:03,,B*58:93N,
B*57:01:04,,B*58:94N,
B*57:01:05,,B*58:95,
B*57:01:06,,B*58:96,
B*57:01:07,,B*58:97,
B*57:01:08,,B*58:98,
B*57:01:09,,B*58:99,
B*57:01:10,,B*58:100,
B*57:01:11,,B*58:101,
B*57:01:12,,B*58:102,
B*57:01:13,,B*58:103,
B*57:01:14,,B*58:104,
B*57:01:15,,B*58:105,
B*57:01:16,,B*58:106,
B*57:01:17,,B*58:107,
B*57:01:18,,B*58:108,
B*57:01:19,,B*58:109,
B*57:01:21,,B*58:112,
B*57:01:22,,B*58:113,
B*57:01:23,,B*58:114,
B*57:01:24,,B*58:115,
B*57:01:25,,B*58:116,
B*57:01:26,,B*58:117,
B*57:01:27,,B*58:118,
B*57:01:28,,B*58:119,
B*57:01:29,,B*58:120,
B*57:01:30,,B*58:121,
B*57:01:31,,B*58:122,
B*57:01:32,,B*58:123,
B*57:01:33,,B*58:124,
B*57:01:34,,B*58:125,
B*57:01:36,,B*58:126,
B*57:01:37,,B*58:127,
B*57:01:38,,B*58:128N,
B*57:01:39,,B*58:129,
B*57:01:40,,B*58:130N,
B*57:01:41,,B*58:131:01,
B*57:01:42,,B*58:131:02,
B*57:01:43,,B*58:132,
B*57:01:44,,B*58:133N,
B*57:01:45,,B*58:134,
B*57:01:46,,B*58:135,
B*57:01:47,,B*58:136,
B*57:01:48,,B*58:137,
B*57:01:49,,B*58:138,
B*57:01:50,,B*58:139,
B*57:01:51,,B*58:140,
B*57:02:01:01,,B*58:141,
B*57:02:01:02,,B*58:142,
B*57:02:01:03,,B*58:143,
B*57:02:01:04,,B*58:144N,
B*57:02:01:05,,B*58:145,
B*57:02:02,,B*58:146,
B*57:03:01:01,,B*58:147,
B*57:03:01:02,,B*58:148,
B*57:03:01:03,,B*58:149,
B*57:03:01:04,,B*58:150,
B*57:03:01:05,,B*58:151,
B*57:03:01:06,,B*58:152,
B*57:03:01:07,,B*58:153,
B*57:03:01:08,,B*58:155Q,
B*57:03:01:09,,B*58:156,
B*57:03:01:10,,B*78:01:01:02,
B*57:03:01:11,,B*78:01:01:03,
B*57:03:02,,B*78:01:02,
B*57:03:03,,B*78:02:01,
B*57:03:04,,B*78:02:02,
B*57:03:05,,B*78:03,
B*57:03:06,,B*78:04,
B*57:03:07,,B*78:05,
B*57:03:08,,B*78:06,
B*57:03:09,,B*78:07,
B*57:04:01,,B*78:08,
B*57:04:02,,B*78:09,
B*57:04:03,,B*78:10,
B*57:05,,,
B*57:06,,,
B*57:07,,,
B*57:08,,,
B*57:09,,,
B*57:10,,,
B*57:11,,,
B*57:12,,,
B*57:13,,,
B*57:14:01,,,
B*57:14:02,,,
B*57:15,,,
B*57:16,,,
B*57:17,,,
B*57:18,,,
B*57:19,,,
B*57:20,,,
B*57:21,,,
B*57:22,,,
B*57:24,,,
B*57:25,,,
B*57:26,,,
B*57:27,,,
B*57:28N,,,
B*57:29,,,
B*57:30,,,
B*57:31:01,,,
B*57:31:02,,,
B*57:32,,,
B*57:33,,,
B*57:34,,,
B*57:35,,,
B*57:36,,,
B*57:37,,,
B*57:38,,,
B*57:39,,,
B*57:40,,,
B*57:41,,,
B*57:42,,,
B*57:43,,,
B*57:44,,,
B*57:45,,,
B*57:46,,,
B*57:47,,,
B*57:48,,,
B*57:49,,,
B*57:50,,,
B*57:52,,,
B*57:53,,,
B*57:54,,,
B*57:55,,,
B*57:56,,,
B*57:57,,,
B*57:59,,,
B*57:60,,,
B*57:61,,,
B*57:62,,,
B*57:63,,,
B*57:64,,,
B*57:65,,,
B*57:66,,,
B*57:67:01,,,
B*57:67:02,,,
B*57:68,,,
B*57:70,,,
B*57:72,,,
B*57:73,,,
B*57:74,,,
B*57:75,,,
B*57:76,,,
B*57:77,,,
B*57:78,,,
B*57:79N,,,
B*57:81,,,
B*57:82,,,
B*57:83,,,
B*57:85,,,
B*57:86,,,
B*57:87,,,
B*57:88,,,
B*57:89,,,
B*57:90,,,
B*57:91,,,
B*57:92,,,
B*57:93,,,
B*57:94,,,
B*57:95,,,
B*57:96,,,
B*57:97,,,
B*57:98Q,,,
B*57:99,,,
B*57:100,,,
B*57:101,,,
B*57:102,,,
B*57:103,,,
B*57:104,,,
B*57:105,,,
B*57:106,,,
B*57:107,,,
B*57:108,,,
B*57:109,,,
B*57:110,,,
B*57:112,,,
B*57:113,,,
B*57:114,,,
B*57:115,,,
B*57:116,,,
B*57:117,,,
B*57:118,,,
B*57:119,,,
B*57:120,,,
B*57:121,,,
B*57:122N,,,
B*57:123,,,
B*57:124,,,
B*57:125,,,
B*57:126,,,
B*57:127,,,
B*57:128,,,
B*57:129,,,
B*57:130N,,,
B*57:131,,,
B*57:132,,,
B*57:133,,,
B*57:134,,,
B*57:135,,,
B*57:136,,,
B*57:137,,,
B*57:138,,,
B*57:139N,,,
B*57:140,,,
B*57:141,,,
B*57:142N,,,
B*57:143N,,,
B*57:144,,,
B*57:145,,,
B*57:146,,,
B*57:147,,,
B*57:148,,,
B*57:149,,,
B*57:150,,,
B*57:151,,,
B*57:154,,,
B*57:155,,,
B*57:156,,,
B*57:157,,,
B*57:158,,,
B*57:159,,,
B*57:160,,,
B*57:161,,,
B*57:162N,,,
B*57:163,,,
B*57:164,,,
B*57:165,,,
B*57:166,,,
B*57:167,,,
B*57:168,,,
B*57:169,,,
B*57:170,,,
B*57:171,,,
B*57:172,,,
B*57:173,,,
B*57:174,,,
B*57:175,,,
B*57:176,,,
B*57:177,,,
B*57:178,,,
B*57:179,,,
B*57:180,,,
B*57:181N,,,
B*57:182,,,
B*57:183,,,
B*57:184,,,
B*57:185Q,,,
B*58:01:01:01,,,
B*58:01:01:02,,,
B*58:01:01:03,,,
B*58:01:01:04,,,
B*58:01:01:05,,,
B*58:01:01:06,,,
B*58:01:01:07,,,
B*58:01:01:08,,,
B*58:01:01:09,,,
B*58:01:01:10,,,
B*58:01:01:11,,,
B*58:01:01:12,,,
B*58:01:01:13,,,
B*58:01:01:14,,,
B*58:01:01:15,,,
B*58:01:01:16,,,
B*58:01:01:17,,,
B*58:01:01:18,,,
B*58:01:01:19,,,
B*58:01:01:20,,,
B*58:01:02,,,
B*58:01:03,,,
B*58:01:04,,,
B*58:01:05,,,
B*58:01:06,,,
B*58:01:07,,,
B*58:01:08,,,
B*58:01:09,,,
B*58:01:10,,,
B*58:01:11,,,
B*58:01:12,,,
B*58:01:13,,,
B*58:01:14,,,
B*58:01:15,,,
B*58:01:16,,,
B*58:01:17,,,
B*58:01:18,,,
B*58:01:20,,,
B*58:01:21,,,
B*58:01:22,,,
B*58:01:23,,,
B*58:01:24,,,
B*58:01:25,,,
B*58:01:26,,,
B*58:01:27,,,
B*58:01:28,,,
B*58:01:29,,,
B*58:01:30,,,
B*58:01:31,,,
B*58:01:32,,,
B*58:01:33,,,
B*58:01:34,,,
B*58:01:35,,,
B*58:01:36,,,
B*58:01:37,,,
B*58:01:38,,,
B*58:01:39,,,
B*58:01:40,,,
B*58:01:41,,,
B*58:01:42,,,
B*58:01:43,,,
B*58:01:44,,,
B*58:01:45,,,
B*58:01:46,,,
B*58:01:47,,,
B*58:01:49,,,
B*58:02:01:01,,,
B*58:02:01:02,,,
B*58:02:01:03,,,
B*58:02:02,,,
B*58:02:03,,,
B*58:02:04,,,
B*58:04,,,
B*58:05,,,
B*58:06,,,
B*58:07,,,
B*58:08:02,,,
B*58:09,,,
B*58:10N,,,
B*58:11,,,
B*58:13,,,
B*58:14,,,
B*58:15,,,
B*58:16:01,,,
B*58:16:02,,,
B*58:17N,,,
B*58:18,,,
B*58:19,,,
B*58:20,,,
B*58:21,,,
B*58:22,,,
B*58:23,,,
B*58:24,,,
B*58:25,,,
B*58:26,,,
B*58:27,,,
B*58:28:01,,,
B*58:28:02,,,
B*58:29,,,
B*58:31N,,,
B*58:32,,,
B*58:33,,,
B*58:34,,,
B*58:35,,,
B*58:36,,,
B*58:37,,,
B*58:38,,,
B*58:39N,,,
B*58:40,,,
B*58:41,,,
B*58:42,,,
B*58:43,,,
B*58:44,,,
B*58:45:01,,,
B*58:45:02,,,
B*58:46,,,
B*58:47,,,
B*58:48,,,
B*58:49,,,
B*58:50,,,
B*58:51,,,
B*58:52,,,
B*58:53,,,
B*58:54,,,
B*58:55,,,
B*58:56,,,
B*58:57,,,
B*58:58,,,
B*58:59:01,,,
B*58:59:02,,,
B*58:60,,,
B*58:61,,,
B*58:62,,,
B*58:63,,,
B*58:64,,,
B*58:65,,,
B*58:66,,,
B*58:67,,,
B*58:68,,,
B*58:69,,,
B*58:70,,,
B*58:71,,,
B*58:72N,,,
B*58:73,,,
B*58:74,,,
B*58:75:01,,,
B*58:75:02,,,
B*58:76,,,
B*58:77,,,
B*58:78,,,
B*58:81,,,
B*58:82,,,
B*58:83,,,
B*58:84,,,
B*58:85,,,
B*58:86,,,
B*58:87,,,
B*58:88,,,
B*58:89,,,
B*58:90,,,
B*58:91,,,
B*58:92,,,
B*58:93N,,,
B*58:94N,,,
B*58:95,,,
B*58:96,,,
B*58:97,,,
B*58:98,,,
B*58:99,,,
B*58:100,,,
B*58:101,,,
B*58:102,,,
B*58:103,,,
B*58:104,,,
B*58:105,,,
B*58:106,,,
B*58:108,,,
B*58:109,,,
B*58:110,,,
B*58:111,,,
B*58:112,,,
B*58:113,,,
B*58:114,,,
B*58:115,,,
B*58:116,,,
B*58:117,,,
B*58:118,,,
B*58:119,,,
B*58:120,,,
B*58:121,,,
B*58:122,,,
B*58:123,,,
B*58:124,,,
B*58:125,,,
B*58:126,,,
B*58:127,,,
B*58:128N,,,
B*58:129,,,
B*58:130N,,,
B*58:131:01,,,
B*58:131:02,,,
B*58:132,,,
B*58:133N,,,
B*58:134,,,
B*58:135,,,
B*58:136,,,
B*58:137,,,
B*58:138,,,
B*58:139,,,
B*58:140,,,
B*58:141,,,
B*58:142,,,
B*58:143,,,
B*58:144N,,,
B*58:145,,,
B*58:146,,,
B*58:147,,,
B*58:148,,,
B*58:149,,,
B*58:150,,,
B*58:151,,,
B*58:152,,,
B*58:153,,,
B*58:154,,,
B*58:155Q,,,
B*58:156,,,
B*59:01:01:01,,,
B*59:01:01:02,,,
B*59:02,,,
B*59:03,,,
B*59:04,,,
B*59:05,,,
B*59:06,,,
B*59:07,,,
B*59:08,,,
B*59:09,,,
B*59:10N,,,
B*59:11,,,
B*59:12,,,
B*78:02:01,,,
B*78:04,,,
B*78:05,,,
B*78:06,,,
